lemma_syntag	F
?_N	2
aaise_N	1
aate_Adj	1
aatie_N	1
aatine_N	1
abandon_N	2
abbaye_N	13
abbé_N	37
abbesse_N	7
Abbeville_N	2
Abel_N	2
abengete_N	1
Abgar_N	1
abîme_N	3
Abiron_N	1
able_Adj	1
abondance_N	9
abondeusement_N	1
Abraham_N	1
abrégeance_N	1
Absalon_N	2
absence_N	1
absolu_Adj	1
abstinence_N	1
abusion_N	1
acceptable_Adj	1
accident_N	2
accointance_N	4
accord_N	10
accordance_N	2
accorde_N	1
accordement_N	1
accourir_N	1
accoutrement_N	1
accoutumance_N	2
accueil_N	10
aceinte_N	1
Achaire_N	5
achat_N	1
acheteur_N	1
Acheul_N	1
acier_N	15
aclin2_Adj	1
acliner_Adj	1
acomptement_N	1
acquêt_N	3
Adam_N	26
Ade_N	1
adhérent_Adj	1
adjutoire_N	1
administrement_N	1
admiration_N	1
adoub_N	1
adouler_Adj	1
adresse_N	1
adversaire_N	1
adverse_Adj	2
adversier_N	4
adversité_N	1
aé_N	5
Aelis_N	1
affaire_N	53
affait_N	1
affection_N	5
affeutrure_N	1
affiche_N	1
affliction_N	3
affluence_N	1
africain_Adj	2
Afrique_N	2
agace_N	1
âge_N	39
Aglael_N	1
agneau_N	12
agnelet_N	1
Agoulant_N	1
Agrappard_N	1
agréable_Adj	1
aguet_N	8
ahan_N	9
aide_N	15
aïe_N	4
aïe3_N	8
aigle_N	2
aigre_Adj	3
aigu_Adj	8
aigue_N	19
aiguillon_N	1
aile_N	5
aimant_N	1
Aimery_N	1
aîné_Adj	8
aine_N	1
air_N	12
aïr_N	2
aire_N	3
aire2_N	2
aisance_N	1
aise_Adj	5
aisé_Adj	1
aise_N	17
aisil_N	2
Aisne_N	1
aisselle_N	2
aître_N	1
Aix_N	7
alan_N	1
Albanie_N	1
Albion_N	1
Alexandre_N	23
alexandrin_Adj	1
Alexis_N	34
Alice_N	2
alis_Adj	1
Aliste_N	4
allée_N	1
allégeance_N	5
allégement_N	5
Allemagne_N	4
allemand_Adj	7
alleu_N	3
alliance_N	3
allment_N	1
allure_N	5
aloès_N	1
aloi_N	1
aloigne_N	1
aloignement_N	1
Alotru_N	1
aloue_N	1
alouette_N	1
Alphasar_N	1
Alphis_N	4
altitude_N	1
alumelle_N	1
Amand_N	2
Amauri_N	5
ambagois_N	2
ambassade_N	4
ambesas_N	1
âme_N	118
Amelot_N	1
amende_N	4
amendement_N	2
aménité_N	1
amer_Adj	20
amertume_N	2
ami_N	207
Ami_N	18
amiable_Adj	2
amie_N	3
Amiens_N	1
Amile_N	16
Amion_N	1
amiral_N	3
amiré_N	1
amitié_N	12
Amon_N	1
amour_N	355
amourette_N	1
amoureux_Adj	43
amoureux_N	1
ample_Adj	4
an_N	96
ancelle_N	1
ancesserie_N	1
ancêtre_N	10
Anchis_N	1
ancien_Adj	18
anciennour_Adj	1
andouille_N	1
André_N	1
Andry_N	2
âne_N	6
ange_N	39
angelin_Adj	1
angélique_Adj	1
angelot_N	3
angevin_Adj	4
anglais_Adj	14
angle_N	2
Angleterre_N	8
angoisse_N	16
angoisseux_Adj	8
Anïeus_Adj	1
Anjou_N	3
Annas_N	3
Anne_N	1
anneau_N	19
année_N	3
annelet_N	1
annexe_Adj	1
annoncion_N	2
Anseïs_N	1
Anstier_N	2
ante_N	3
antéchrist_N	3
antienne_N	1
antif_Adj	3
Antigonus_N	1
Antioche_N	2
Antiochus_N	1
antiquité_N	1
aornement_N	1
août_N	2
apensement_N	1
apercevance_N	1
apert_Adj	8
apert2_Adj	1
Apollon_N	4
apostole_N	6
apôtre_N	5
appareil_N	5
apparent_Adj	1
appel_N	1
appétit_N	3
appointement_N	1
apport_N	3
apprenti_N	2
apprise_N	5
âpre_Adj	5
âpresse_N	1
aquilon_N	1
Aquilon_N	1
arabe_N	1
Arabe_N	1
arabi_N	6
aragon_Adj	1
araigne_N	1
araine_N	1
Araine_N	1
arbalète_N	2
arbalétrier_N	3
arbre_N	18
arbret_N	1
arbrisseau_N	2
arc_N	6
Arcade_N	6
Arcedeclin_N	1
archange_N	1
arche_N	2
arche2_N	1
archer_N	3
archevêché_N	3
archevêque_N	4
archiprêtre_N	2
architriclin_N	1
arçon__N	1
arçon_N	5
Ardennes_N	1
ardenois_Adj	1
ardent_Adj	1
Arderne_N	1
ardeur_N	6
ardu_Adj	1
ardure_N	5
Argan_N	1
argent_N	60
argentin_Adj	1
argument_N	3
Aridé_N	1
Aristé_N	4
Aristote_N	1
arithmétique_N	1
arme_N	60
armée_N	3
Arménie_N	1
armer_N	1
armier_N	1
armure_N	4
Arnould_N	3
Arphazat_N	1
arraisonner_N	1
Arras_N	4
arrement_N	1
arrêt_N	3
arrêtaison_N	1
arrêtison_N	3
arrêtuel_N	1
arrière-garde_N	2
arroi_N	4
arsure_N	1
art_N	32
Arthur_N	6
artifice_N	1
artil_N	1
artillerie_N	2
artillier_N	1
Artois_N	3
as_N	1
assai_N	2
assaut_N	5
assemblée_N	1
assemblement_N	1
assens_N	1
assiduel_Adj	1
assise_N	1
assistance_N	1
assûr_Adj	4
assurance_N	1
assyrien_N	1
astronomie_N	1
astronomien_N	1
ataïne_N	2
atour_N	8
atteinte_N	1
attelle_N	1
attemprance_N	12
attendue_N	1
attente_N	16
attire_N	1
attraction_N	1
attrait_N	3
aube_N	2
aubenaille_N	1
auberge_N	1
Auberi_N	1
Aubéron_N	10
aubette_N	1
aubour_N	3
audience_N	5
auditeur_N	2
auditoire_N	1
audivi_N	1
auferrant_N	7
aufin_N	2
Auguste_N	3
Augustin_N	1
aumône_N	17
aumônier_N	4
aumônière_N	2
aumusse_N	1
aune_Adj	2
aune_N	8
aünée_N	1
Aunis_N	1
autel_Adj	1
autel_N	12
autel2_Adj	1
auteur_N	3
Autevile_N	1
autorité_N	4
autour_N	3
autre_Adj	418
autretel_Adj	5
Autriche_N	1
autrier_N	8
autruche_N	2
autrui_Adj	46
Auvergne_N	3
Auxerre_N	1
Auxois_N	1
avancement_N	1
avantage_N	11
avantageux_Adj	1
avant-garde_N	2
avare_Adj	4
avarice_N	6
avé_N	1
aveau_N	2
avenant_Adj	12
avenant_N	1
avènement_N	1
avenir_Adj	1
aventure_N	55
avêprement_N	1
avers_Adj	2
aveugle_Adj	5
aviron_N	2
avis_N	39
aviser_N	1
avision_N	5
avocassage_N	1
avocasserie_N	1
avocat_N	4
avocation_N	1
avoine_N	1
avoir_N	14
avoir2_N	62
avril_N	1
azur_N	1
Baasa_N	1
babil_N	1
babouin_N	1
Babylone_N	3
Babylonie_N	1
bac_N	1
bachelier_N	15
bachelière_N	1
bachellerie_N	1
bacon_N	53
badin_Adj	1
bai_Adj	2
baiasse_N	3
baien_Adj	1
baïf_Adj	1
baile_N	1
Bailleul_N	2
bailli_N	4
baillie_N	8
bain_N	6
baiser_N	3
baisol_N	1
baisselette_N	1
baivier_Adj	1
bal_N	1
balais_N	1
balance_N	3
baleine_N	1
ballade_N	5
ballerie_N	1
Balot_N	1
Balthasar_N	1
ban_N	3
banc_N	4
banchon_N	1
bande_N	6
bandeau_N	1
bandon_N	9
banneret_Adj	1
bannière_N	8
banquelet_N	1
banquet_N	1
baptême_N	6
baptisement_N	1
baptiste_Adj	1
baptistère_N	4
barat_N	3
Barat_N	23
barbe_N	6
barbier_N	2
Barbue_N	1
Barcelone_N	1
baril_N	13
barillet_N	1
Barin_N	2
bariseau_N	4
Barlet_N	1
Barletta_N	3
barnage_N	13
barné_N	4
barnesse_N	1
barnil_Adj	2
baron_N	132
baronnie_N	2
Barrabas_N	2
barre_N	1
Barre_N	1
barrière_N	1
bas_Adj	34
basane_N	1
Basennier_N	1
baslois_N	2
basset_Adj	1
bassin_N	4
bataille_N	49
batailleur_N	2
bâtard_N	4
bateau_N	4
bâton_N	6
batture_N	2
bau_N	1
baucenc_N	1
Baucenc_N	2
baucent_Adj	1
baud_Adj	1
Baude_Adj	1
Baudemagus_N	1
baudeur_N	1
Baudouin_N	1
Baudouinet_N	1
baverie_N	2
Bavière_N	1
Béatrice_N	1
beau_Adj	504
beauté_N	77
Beauvaisis_N	1
bec_N	6
béguine_N	1
behordis_N	1
behort_N	1
béjaune_Adj	1
béjaune_N	3
bel_Adj	2
belet_N	1
belin_N	1
Belin_N	2
belisor_Adj	1
Belissant_N	1
bélître_N	2
beloce_N	1
Belzébuth_N	1
bénédiction_N	1
bénéfice_N	6
bénéisson_N	2
bénin_Adj	3
benoît_Adj	3
Benoît_N	2
ber_Adj	3
Béranger_N	7
Berard_N	1
Berart_N	1
Beraut_N	2
Berengier_N	2
berger_N	2
Berlande_N	1
Bernard_N	2
Bernaut_N	1
Bernay_N	1
Bernier_N	11
berruier_N	2
Berry_N	2
Berthe_N	19
Bertrand_N	5
besant_N	5
besloi_N	2
besogne_N	22
besoin_N	28
bestens_N	1
bestial_Adj	1
bestial_N	1
bétail_N	2
bête_N	36
Béthanie_N	4
Bethléem_N	2
Bethphagé_N	1
Béthulie_N	1
bible_N	1
bicoquet_N	1
bien_N	195
bienfait_N	4
bienheuré_Adj	1
bienveillance_N	1
bière_N	5
biétu_Adj	1
bieu_N	5
bigame_N	4
bille_N	1
billon_N	1
Billy_N	1
bis_Adj	4
bise_N	2
bistourie_N	1
blâme_N	10
blanc_Adj	52
blanc_N	1
Blanche_N	1
Blanchefleur_N	3
blanchet_N	1
blandissement_N	1
blarie_N	1
blason_N	3
blé_N	9
blême_Adj	1
blême_N	1
blêmure_N	1
Blere_N	1
blessure_N	1
bleu_Adj	1
bliaud_N	2
bloi_Adj	1
Blois_N	1
boban_N	4
bober_N	1
bocage_N	1
bocel_N	1
boëlle_N	2
boeuf_N	4
bofoi_N	1
bohême_N	1
bois_N	28
Bois_N	1
boisdie_N	4
boise_N	1
boisson_N	1
boîte_N	1
boiteux_Adj	1
boitoire_N	1
bole_N	1
Bologne_N	1
bombarde_N	2
bon_Adj	498
bon_N	1
bonheuré_Adj	3
bonheurté_N	1
Boniface_N	1
bonnette_Adj	1
bonté_N	38
bord_N	1
Bordeaux_N	9
borgne_Adj	1
borgne_N	1
Bosien_N	1
bosquet_N	1
Bosquet_N	1
bosse_N	2
bossu_Adj	1
bossu_N	1
bottel_N	1
bouc_N	1
bouche_N	36
boucher_N	11
boucle_N	1
boudine_N	1
boudinette_N	1
boue_N	2
bouffard_N	1
bouge_N	1
bougran_N	1
boujon_N	1
boulanger_N	1
boule_N	1
Boulogne_N	1
boulon_N	4
bourbier_N	1
Bourbonne_N	1
bourde_N	5
bourdon_N	3
bourg_N	11
Bourg_N	1
bourgeois_Adj	1
bourgeois_N	5
bourgeon_N	1
Bourges_N	3
Bourgogne_N	4
bourguignon_Adj	2
bourguignon_N	4
bourse_N	7
Boursée_N	1
bout_N	5
bouteiller_N	1
bouton_N	3
bouvier_N	5
Bouvignies_N	1
bovin_Adj	1
boyau_N	1
boyelle_N	1
brabançon_N	1
bracel_N	2
bracelet_N	1
bracon_N	2
brai4_N	1
braie_N	7
braiel_N	3
braise_N	1
brait_N	2
branc_N	1
branche_N	7
branchoie_N	1
Brandis_N	1
brandon_N	1
branle_N	1
brant_N	20
braon_N	2
bras_N	12
brasier_N	1
brassée_N	1
brebis_N	17
brebisette_N	1
brèche_N	1
bref_Adj	24
bref_N	11
Brehier_Adj	1
Brehier_N	1
Brendan_N	19
bret_Adj	1
bret_N	1
Bretagne_N	7
bretèche_N	1
breton_N	6
breuil_N	1
breuillet_N	2
breuvage_N	1
brevet_N	1
Brias_N	1
Brichemer_N	1
bricon_N	4
bride_N	2
brièvement_N	1
brigandine_N	1
broc_N	1
brocart_N	1
brochette_N	1
broigne_N	1
brouillis_N	1
brubeille_N	1
Bruiant_N	3
bruit_N	7
brun_Adj	4
Brun_N	4
Brunel_N	3
brunette_Adj	1
brunette_N	2
Brutus_N	3
Bruxelles_N	1
bruyère_N	1
Bruyères_N	1
bruyeroi_N	1
bûche_N	2
Bucifal_N	1
Buckingham_N	1
Buesard_N	1
Buesart_N	2
buffe_N	1
buffet_N	2
bugle_Adj	1
bugle_N	2
buie2_N	1
Buiemon_N	1
buisnart_N	1
Bulgarie_N	2
bureau_N	2
buse_N	1
butin_N	2
buveur_N	1
cage_N	2
Caifas_N	2
caille_N	2
caïmant_N	1
Caïn_N	3
Caïphe_N	1
caisil_N	1
Calabre_N	12
calcul_N	1
calice_N	1
Calvaire_N	1
camaïeu_N	1
Cambresis_N	1
Cambrésis_N	7
Camdiobras_N	4
camelot_N	1
camocas_N	1
campagne_N	1
campane_N	1
camuset_Adj	1
canal_N	1
Candres_N	1
canebutin_N	1
canon_N	3
cape_N	3
capitaine_N	3
caquet_N	1
carcan_N	1
Cardeuil_N	1
cardinal_N	1
carême_N	2
Caribdis_N	1
Caridès_N	3
Carloman_N	1
carme_N	1
Carmeli_N	1
carole_N	3
caroler_N	1
carquois_N	1
carré_Adj	1
carre_N	1
carreau_N	2
carrefour_N	1
carregnon_N	1
carte_N	1
Carthage_N	3
cas_Adj	2
cas_N	28
Cassandre_N	1
Castelfort_N	1
Castille_N	2
Catalogne_N	1
catholique_Adj	1
Caton_N	1
Caulus_N	4
cause_N	16
cautèle_N	1
cave_N	1
caverne_N	2
Cayeulx_N	1
Cayeux_N	2
Cécile_N	1
ceinture_N	7
céleste_Adj	8
célestiel_Adj	8
célestien_Adj	3
célestin_Adj	1
célestin_N	1
cembel_N	1
cendal_N	4
cendre_N	3
cène_N	3
centre_N	1
cep_N	1
cercle_N	1
cercueil_N	1
cerf_N	26
certain_Adj	21
cerveau_N	2
cervelle_N	4
César_N	11
ceste_N	1
chaînon_N	1
chainse_N	1
chair_N	50
chaire_N	3
chaise_N	1
chalemastre_N	1
chaleur_N	6
chaline_N	2
challenge_N	2
Cham_N	1
chambellan_N	1
chambre_N	51
chambrière_N	6
Chameau_N	1
Chamel_N	27
Chamois_N	6
champ_N	31
champanois_N	1
champel2_Adj	3
champêtre_Adj	5
champion_N	8
chance_N	1
chancel_N	1
chandelier_N	1
chandelle_N	9
change_N	3
changeable_Adj	1
changement_N	2
changer_N	2
chanoine_N	2
chanoinie_N	1
chanson_N	26
chant_N	9
Chantecler_N	1
chanteur_N	2
chantier_N	1
chantre_N	1
chape_N	5
chapeau_N	9
chapelain_N	3
chapelier_N	1
chapelle_N	12
chaperon_N	6
chapitre_N	4
chaple_N	1
chappin_N	1
char_N	4
charbon_N	2
charbonnée_N	2
charbonnier_N	1
chardon_N	3
charge_N	6
charitable_Adj	1
charité_N	14
Charlemagne_N	10
Charles_N	36
Charlot_N	4
charme_N	2
charnage_N	1
charnel_Adj	6
charneux_Adj	1
charretée_N	1
charretier_N	1
charreton_N	1
charrette_N	5
charretterie_N	1
charrière_N	2
charroi_N	1
Charruau_N	1
charrue_N	1
charte_N	4
Chartes_N	1
chartre_N	3
Chartres_N	1
chartreux_N	1
chasement_N	3
chasse_N	2
chasseur_N	1
chaste_Adj	1
chasté_N	1
chasteté_N	2
chasti_N	2
chat_N	4
châtaigne_N	1
château_N	55
Château_N	1
chatel_N	2
châtelain_N	1
chaud_Adj	14
chaud_N	10
chaudeau_N	1
chaudière_N	7
chausse_N	2
chaussée_N	1
chaussement_N	1
chausse-trappe_N	1
chaussier2_N	1
chef_N	87
chemin_N	34
cheminée_N	1
chemise_N	9
chêne_N	9
chenu_Adj	9
Chenue_N	1
cher_Adj	128
chère_N	34
chérir_Adj	1
cherté_N	4
chérubin_N	1
chétif_Adj	35
chétif_N	1
chétivaille_Adj	1
chétivaison_N	1
cheval_N	79
chevaleresse_N	1
chevalereux_Adj	3
chevalerie_N	23
chevalier_N	222
chevance_N	5
chevelier_N	3
chevet_N	1
cheveu_N	13
cheveux_N	1
chevillette_N	1
chevir_N	1
chèvre_N	3
chevron_N	1
chiche_Adj	2
chiche_N	1
Chichester_N	3
chien_N	34
chiennet_N	1
chirurgienne_N	1
choite_N	1
Cholet_N	2
chômer_N	1
chose_N	215
chrême_N	2
chrétien_Adj	41
chrétien_N	5
chrétienté_N	16
Christ_N	37
Christofle_N	1
Christus_N	4
ciel_N	92
cierge_N	2
cimetière_N	1
cinq_N	1
cinquième_Adj	1
circonstance_N	1
circuité_N	1
cire_N	1
Cirencester_N	1
cit_N	2
cité_N	70
Cîteaux_N	1
cithariste_N	1
claim_N	1
clair_Adj	62
clair_N	1
clamer_N	1
clameur_N	2
claquedent_N	1
claré_N	2
Clari_N	1
clarté_N	6
clémence_N	2
clément_Adj	1
Clément_N	2
clerc_N	103
clergé_N	2
clergeâtre_N	1
clergeon_N	3
clergie_N	21
clergise_N	1
Clermont_N	2
Cléry_N	2
Cliçon_N	5
Clin_N	5
clique_N	1
cloche_N	1
clochette_N	2
cloître_N	1
clou_N	6
Clovis_N	2
Cluny_N	2
cochon_N	2
cocu_Adj	1
cocu_N	1
coeur_N	428
cogitation_N	3
cognée_N	2
coi_Adj	15
coi_N	1
coiffe_N	2
coin_N	3
cointe_Adj	9
Cointerel_N	4
coite_N	1
Colart_N	2
cole_N	1
Cole_N	1
colée_N	4
coleiz_N	1
Colin_N	2
collateur_N	1
collet_N	2
Cologne_N	1
Colognois_N	1
colombe_N	1
colonne_N	1
combatteur_N	1
combattre_N	1
combe_N	1
comble_Adj	2
comble_N	1
command_N	15
commandement_N	37
commencement_N	6
commère_N	2
commission_N	1
commun_Adj	18
communal_Adj	1
commune_Adj	1
communiement_N	1
compagne_N	13
compagnie_N	35
compagnion_N	1
compagnon_N	62
comparaison_N	1
compas_N	6
compassion_N	1
compatient_Adj	1
compe_N	1
compère_N	2
complainte_N	3
complexion_N	2
complie_N	1
composition_N	1
compte_N	6
comte_N	153
comté_N	6
comtesse_N	13
con_N	2
conception_N	1
conchiement_N	1
concile_N	1
conclusion_N	1
concorde_N	1
concurrent_Adj	1
condition_N	5
conducteur_N	1
conduit_N	4
conduite_N	1
confermement_N	1
confès_Adj	6
confès_N	2
confession_N	4
confine_N	1
confort_N	26
Confrécourt_N	1
confrère_N	1
confrérie_N	1
confus_Adj	2
confusion_N	3
congé_N	38
congéer_N	1
conjecture_N	1
connaissable_Adj	1
connaissance_N	11
connard_N	1
connétable_N	1
connétablie_N	1
conquête_N	1
conroi_N	13
conroie_N	1
conscience_N	6
conseil_N	75
conseiller_N	3
conseiller2_N	1
conseillère_N	1
conseilleur_N	3
consentement_N	1
conséquence_N	1
conservage_N	1
consolation_N	2
constance_N	1
Constantinople_N	2
Constentin_N	1
consul_N	1
conte_N	10
contemplatif_Adj	1
contemplation_N	1
contenance_N	7
contenant_N	2
content_Adj	5
content_N	1
contrainte_N	2
contraire_Adj	28
contrarieux_Adj	1
contredit_N	9
contrée_N	19
contrefait_Adj	1
contrepoids_N	3
contrition_N	1
convenable_Adj	3
convenance_N	2
convenant_N	9
convénient_Adj	1
convent_N	16
convers_N	2
conversation_N	1
convertissement_N	1
convine_N	2
convoiteux_Adj	4
convoitise_N	5
coq_N	5
coq2_N	1
coquebert_N	1
coquemar_N	1
coquillard_N	1
coquin_Adj	2
coquinaille_N	1
cor_N	5
cor2_N	1
coraille_N	3
Corbas_N	1
corbeau_N	6
Corberias_N	1
corbillon_N	1
corde_N	13
cordouan_N	3
Cordroés_N	2
corine_N	1
corlieu_N	1
cornardie_N	1
cornet_N	2
cornette_N	2
cornière_N	1
Cornouaille_N	2
cornu_Adj	3
Cornuel_N	1
Cornuiaus_N	1
corps_N	243
corpus_N	1
corrompable_Adj	1
corruption_N	2
corsage_N	1
Corsolt_N	2
corvée_N	1
Cosiel_N	1
costil_N	1
Cotart_N	1
côte_N	9
côté_N	10
cotel_N	1
coton_N	1
cotte_N	10
cou_N	33
couard_Adj	8
couard_N	3
Couard_N	1
couardie_N	1
couardise_N	2
couche_N	3
coude_N	3
coudre_N	1
couenne_N	1
couette_N	1
couillard_N	1
couille_N	2
coulée_N	1
couleur_N	17
couleuvrinier_N	1
coulis_N	1
coulon_N	2
coulpe_N	8
coup_N	42
coupable_Adj	2
coupe_N	2
Coupée_N	1
couple_N	1
cour_N	46
courage_N	58
courageux_Adj	1
Courault_N	1
coureux_N	1
courge2_N	1
courgée_N	1
courir_N	5
Courlieu_N	1
couronne_N	20
couronnette_N	1
courroie_N	1
courroucement_N	1
courroucer_N	2
courrouceux_Adj	2
courroux_N	9
cours_N	8
course_N	2
coursier_N	4
court_Adj	11
courtaud_N	1
courtière_N	1
courtil_N	2
courtine_N	2
courtinette_N	1
courtois_Adj	54
courtoisie_N	22
cous_Adj	1
cousin_N	16
cousine_N	7
coussin_N	1
coute_N	1
couteau_N	6
coutume_N	13
coutumier_Adj	3
couture_N	1
Couture_N	1
couvent_N	10
couverteur_N	4
couverture_N	4
couvre-chef_N	1
covoitié_N	1
craie_N	1
crainte_N	8
craintif_Adj	2
crampe_N	1
cranequin_N	1
crapaud_N	1
créance_N	6
créateur_N	23
création_N	3
créature_N	34
crédit_N	1
credo_N	1
crème_N	1
creme2_N	1
crémeur_N	3
créneau_N	1
crenu_Adj	1
crepon_N	1
crequillon_N	1
crespe_Adj	1
Crespin_N	2
Crète_N	1
créteau_N	1
creux_N	1
cri_N	10
crïaison_N	1
cric_N	1
crime_N	1
criminel_Adj	1
crin_N	2
crine_N	1
cristal_N	5
croc_N	1
crochu_Adj	1
croissance_N	2
croix_N	48
croquepois_N	1
croupe_N	4
cru_Adj	2
cruauté_N	5
cruel_Adj	7
crueux_Adj	3
cruise_N	1
cueur_N	1
cuidance_N	1
cuider_N	2
cuir_N	6
cuirasse_N	1
cuirie_N	2
cuirien_N	3
cuisse_N	7
cul_N	12
culvert_N	4
curage_N	4
cure_N	52
curieux_Adj	2
curre_N	4
custode_N	1
cuvier_N	4
cygne_N	1
Cypre_N	2
Cyprien_N	5
Dagobert_N	1
dais_N	7
dam_N	2
Damas_N	1
dame_N	429
damedieu_N	30
Damedieu_N	3
Damien_N	3
damnable_Adj	1
damnation_N	5
damnement_N	4
damoiseau_N	6
damoiselle_N	66
dan_N	27
dancel_N	5
Danemark_N	7
danger_N	32
danois_Adj	8
danse_N	5
danseur_N	1
Danube__N	1
Danube_N	3
dard_N	11
Dardanus_N	3
darde_N	1
Darius_N	35
Darnestal_N	1
Dathan_N	1
Daunus_N	5
David_N	10
dé_N	5
dé2_N	1
déan_N	3
débat_N	2
débonnaire_Adj	16
déception_N	1
décès_N	1
décevable_Adj	2
décevance_N	1
décèvement_N	1
déchaux_Adj	4
déchevelé_Adj	1
déconfiture_N	2
déconfort_N	2
déconnue_N	2
déconseiller_N	1
décret_N	2
décrire_N	1
dédaigner_N	1
Dédaigneux_N	2
dédain_N	8
déduit_N	20
défaille_N	1
défait_N	1
défaut_N	7
défaute_N	2
défendement_N	1
défendeur_N	1
défens_N	2
défense_N	5
défiance_N	1
définement_N	6
définitif_Adj	1
défois_N	1
degré_N	10
dehait_N	2
dehé_N	3
déité_N	2
délai_N	8
délaiement_N	1
délice_N	4
délictable_Adj	1
délit_N	31
délitable_Adj	6
délivrance_N	1
délivre_Adj	14
délivrement_N	2
déloyal_Adj	8
déloyauté_N	3
déluge_N	2
demaine_Adj	1
demaine_N	2
demaine2_Adj	1
demande_N	1
démesurance_N	1
démesure_N	5
demeur_N	5
demeurable_Adj	1
demeurance_N	5
demeurant_N	1
demeure_N	11
demeurée_N	5
demeurement_N	1
demi_Adj	24
demi_N	1
demion_N	1
démoniaque_Adj	1
démontrable_Adj	1
démontrance_N	2
démontrer_N	1
démussons_N	1
Denain_N	1
denier_N	61
Denis_N	9
Denise_N	5
denrée_N	3
dent_N	22
denture_N	1
départ_N	1
département_N	1
départie_N	1
dépense_N	3
dépensier_N	1
dépit_N	10
dépiteux_Adj	1
déplaisance_N	2
déplaisir_N	4
déport_N	4
déraison_N	4
dérision_N	2
dernier_Adj	3
derrain_Adj	6
désagréable_Adj	1
désavenant_Adj	1
description_N	1
désert_Adj	1
désespérance_N	3
désespoir_N	5
desfaé_Adj	3
deshait_N	2
déshonnêtement_N	1
déshonneur_N	7
désier_N	2
désir_N	72
désirance_N	1
désirement_N	1
désireux_Adj	3
désirier_N	3
désolation_N	1
desouffert_N	1
despoise_N	1
desroi_N	6
desrubant_N	1
desrube_N	1
desruel_N	1
desserte_N	2
destin_N	1
destinée_N	5
destrer_N	1
destrier_N	37
destruction_N	2
desver_Adj	1
desverie_N	4
détente_N	1
détestable_Adj	2
détour_N	1
détourber_N	1
détourbier_N	7
détresse_N	12
détriance_N	1
détriment_N	1
détroit_Adj	4
détroit_N	2
dette_N	2
Detusca_N	1
deuil_N	64
deuillance_N	1
Deus_N	3
devié_N	2
devin_Adj	3
devin_N	4
devinaille_N	2
devis_N	5
devise_N	11
devision_N	1
devoir_N	24
dévot_Adj	3
dévote_N	1
dévotion_N	4
dexter_N	1
dextre_Adj	25
di_N	39
diable_N	43
diabolique_Adj	1
dial_N	6
dictature_N	1
dicté_N	1
Dido_N	1
Didon_N	1
dieu_N	742
Dieu_N	156
diffame_N	4
différence_N	1
digne_Adj	23
dignité_N	7
diligence_N	2
diligent_Adj	3
dimanche_N	6
Dimas_N	1
dîme_Adj	2
dîme_N	1
dînée_N	1
dîner_N	3
diocèse_N	1
dire_N	2
disciple_N	12
discipline_N	2
discord_N	4
discorde_N	5
discrétion_N	1
disette_N	2
disetteux_Adj	1
disposition_N	1
dissension_N	1
dissolution_N	1
distance_N	1
dit_N	29
dité_N	3
divenres_Adj	1
divers_Adj	3
divin_Adj	13
divinité_N	1
dizain_Adj	1
doctrine_N	5
doigt_N	13
dolent_Adj	58
Dolopathos_N	7
dom_N	2
domaine_N	4
domination_N	1
dominé_N	1
dominus_N	1
dommage_N	28
dommageable_Adj	1
don_N	54
donat_N	1
dondaine_N	1
donjon_N	3
donneur_N	2
dortoir_N	4
dos_N	5
dote_N	1
Douai_N	3
douaire_N	1
double_Adj	2
doublentin_Adj	1
doublier_Adj	1
doucereux_Adj	1
douceur_N	28
douge_Adj	3
douleur_N	105
douloir_N	1
douloureux_Adj	20
doutance_N	8
doute_N	21
doutence_N	2
douteux_Adj	1
douve_N	1
Douvres_N	1
doux_Adj	204
douzaine_N	1
douze_Adj	1
douzième_Adj	1
dragon_N	3
drap_N	41
draperie_N	2
droit_Adj	16
droit_N	83
droit2_Adj	94
droiture_N	18
droiturel_Adj	1
droiturier_Adj	9
dromadaire_N	1
dromon_N	1
Droon_N	3
dru_Adj	2
dru_N	6
dru2_Adj	2
druerie_N	4
duc_N	76
ducheé_N	1
duchesse_N	7
duière_N	1
Duisans_N	1
duit_Adj	1
duit_N	2
dur_Adj	44
durable_Adj	1
Durandal_N	1
Durant_N	1
durée_N	3
dureté_N	2
durfeu_Adj	1
duvet_N	1
Duvlin_N	1
eau_N	46
ébat_N	1
ébattement_N	1
ébaudisement_N	1
ébriété_N	1
écaille_N	1
écarlate_N	3
écart_N	1
écharpe_N	4
échec_N	7
échevin_N	2
échiquier_N	2
écho_N	1
échoite_N	1
éclair_N	2
éclopeux_Adj	1
école_N	17
écolier_N	5
écorce_N	1
écossais_Adj	1
Écosse_N	7
écot3_Adj	1
écout_N	1
écrin_N	1
écrit_N	9
écriture_N	12
écrivain_N	1
écu_N	54
écuelle_N	2
écume_N	1
écureuil_N	1
écuyer_N	17
édifice_N	2
édit_N	1
Edmond_N	6
effet_N	5
efficace_N	1
effort_N	5
effroi_N	4
égal_Adj	5
égard_Adj	1
égard_N	1
église_N	29
Égypte_N	3
Éla_N	1
élection_N	5
élément_N	4
Élisabeth_N	1
Élisée_N	2
élit_Adj	1
éliture_N	1
éloquence_N	2
embronc_Adj	2
embûcher_N	1
Émenidus_N	6
émeraude_N	1
Emmaüs_N	1
Emmeline_N	1
émoi_N	4
emparenté_Adj	1
emparlé_Adj	2
emparlier_Adj	1
empêchement_N	1
empeigne_N	2
empenné_Adj	1
empereur_N	69
emperier_N	1
empire_N	18
empoint_Adj	1
empost_Adj	1
empreinte_N	1
empreinture_N	1
emprise_N	2
enarmes_N	2
enceinte_Adj	1
encens_N	1
enchantement_N	1
enchanteur_N	1
enclin_Adj	10
encombrement_N	1
encombrier_N	8
encontre_N	2
encrieme_Adj	1
encusement_N	1
endemain_N	7
endroit_N	10
enfance_N	15
enfançon_N	1
enfant_N	114
enfantement_N	1
enfer_N	33
enferme_Adj	4
enfermeté_N	2
enferté_N	1
Enfion_N	1
enflure_N	1
engaigne_N	1
engendrement_N	1
engendrure_N	1
engigneux_Adj	1
engin_N	16
Englesdun_N	1
engrant_Adj	5
engresseté_N	1
Enguerrand_N	3
enhortement_N	1
ennemi_N	49
ennui_N	29
ennuyeux_Adj	4
enquête_N	1
enrievre_Adj	1
ensanglanter_Adj	1
enscient_N	4
enseigne_N	18
enseignement_N	4
ensuivant_Adj	1
entaille_N	3
ente_N	2
entendable_Adj	2
entendement_N	16
entendeur_N	1
entent_N	2
entente_N	21
ententif_Adj	2
entention_N	12
entérin_Adj	2
entier_Adj	27
entoschement_N	1
entrée_N	7
entrelardure_N	1
entremets_N	2
entreprise_N	3
entrouverture_N	1
envahie_N	2
envers_N	1
envi_N	1
envial_Adj	1
envie_N	38
envieux_Adj	8
envoisure_N	4
Éole_N	1
épais_Adj	5
épais_N	1
épargne_N	1
épaule_N	9
épée_N	54
épeler_N	1
éperon_N	12
épervier_N	3
épice_N	1
épidémie_N	1
épieu_N	18
épine_N	4
épousaille_N	1
épouse_N	7
épouvantable_Adj	1
époux_N	3
épreuve_N	1
équité_N	1
Éracle_N	7
Ermenfroi_N	1
ermin_Adj	1
ermin_N	1
ermitage_N	2
ermite_N	13
Ernaut_N	5
Erneis_N	1
Ernoul_N	1
erre_N	10
errement_N	3
erreur_N	7
es_Adj	12
esbanoi_N	2
escalier_N	1
escarbote_N	1
escarboucle_N	3
escariman_N	1
Escariot_N	1
eschar_N	3
eschars_Adj	4
eschars_N	1
eschelle_N	10
eschiec_N	1
eschif_Adj	2
eschoison_N	1
escient_N	10
Esclabonie_N	1
escli_N	1
esclot_N	1
escondit_N	2
escoufle_N	1
escourgée_N	1
escremie_N	2
escroue_N	1
escueil_N	2
Esdrelon_N	1
eslais_N	2
esmarbre_Adj	1
esme_N	1
espace_N	6
espacion_N	1
Espagne_N	4
espagnol_Adj	1
espèce_N	3
espécial_Adj	7
espérance_N	20
espère_N	1
esperement_N	1
esperite_N	3
espie_N	1
espiet_N	4
Espinart_N	1
espir_N	5
espiritable_Adj	1
espirital_Adj	2
espirituel_Adj	1
espoir_N	32
esponde_N	3
esprec_N	1
esprit_N	13
essai_N	2
essart_N	1
essence_N	1
essoine_N	6
estable_Adj	5
estalufré_Adj	1
estampie_N	1
estampois_N	1
Estampois_N	1
estance_N	1
Est-Anglie_N	4
estel_N	1
estelle_N	1
esterlin_N	1
estival_Adj	1
estoc_N	1
estomac_N	1
estorement_N	1
estour_N	18
estout_Adj	4
Estout_N	1
estoutie_N	1
estrain_N	1
estrayer_Adj	1
estre3_N	1
estrée_N	4
estresce_N	1
estrif_N	1
estros_N	1
estrumelé_Adj	1
estrument_N	3
esvertin_N	1
étable_N	4
étage_N	5
étal_N	2
étamine_N	1
étang_N	5
étant_N	1
état_N	27
été_N	18
étendard_N	12
éternel_Adj	3
éternellement_N	1
éternité_N	1
Éthiopie_N	4
Étienne_N	2
étincelle_N	4
étoile_N	8
étole_N	1
étoupaille_N	1
étoupe_N	1
étrange_Adj	22
étranger_Adj	1
être_N	6
être2_N	3
être3_N	3
étrenne_N	4
étrier_N	7
étroit_Adj	6
étron_N	2
étude_N	7
étudie_N	5
étui_N	1
Eudes_N	1
Eufémien_N	2
Euphémie_N	2
Euphémien_N	4
Europe_N	1
ëurté_N	1
Eustace_N	1
evage_Adj	2
évangelie_N	1
évangéliste_N	3
évangile_N	4
Ève_N	9
évêche_N	1
évêché_N	2
évêque_N	16
évident_Adj	2
excellence_N	1
exécuteresse_N	1
exemplaire_N	5
exemple_N	19
exil_N	10
expédient_Adj	1
expert_Adj	2
exploit_N	7
exquis_Adj	1
extrême_Adj	1
fable_N	19
fabrile_Adj	1
face_N	19
façon_N	16
facture_N	3
fade_Adj	2
fagot_N	1
faible_Adj	10
faiblesse_N	1
faiblet_Adj	1
faide_N	1
faillance_N	2
faille_N	18
failli_Adj	1
faillie_N	1
faim_N	16
faire_N	1
faisance_N	1
faiseur_N	1
faisselle_N	1
fait_N	82
faiteur_N	1
faitis_Adj	5
faiture_N	7
faix_N	16
fallace_N	1
famine_N	4
fantôme_N	1
fardeau_N	3
fardelet_N	1
faubourg_N	2
faucel_N	1
faucon_N	13
fauconnier_N	1
faussement2_N	1
fausseté_N	9
faute_N	8
fauteuil_N	2
fauteur_N	1
fautre_N	2
faux_Adj	37
Faveriel_N	1
féal_Adj	6
féauté_N	4
Fécamp_N	1
féé_Adj	2
fée_N	1
féel_Adj	3
feintise_N	6
Felice_N	10
félicité_N	1
félon_Adj	76
félonesse_Adj	2
félonie_N	13
femelle_N	4
féminin_Adj	1
féminin_N	1
femme_N	141
fenestriz_Adj	1
fenêtre_N	9
fer_N	21
fermail_N	1
fermaille_N	1
ferme_Adj	8
ferme2_Adj	2
fermer_N	1
fermeté_N	3
ferrant_N	1
Ferrant_N	1
ferré_Adj	2
fesse_N	1
feste_N	3
fête_N	29
fétu_N	5
feu_Adj	3
feu_N	57
feuil_N	1
feuille_N	14
feutre_N	1
fi_Adj	12
fi_N	4
fi2_N	1
fiance_N	12
fiction_N	1
fidèle_Adj	14
fidèle_N	2
fie_N	7
fief_N	27
fieffage_N	1
fiel_N	2
fiellée_N	1
fiens_N	1
fier_Adj	69
fière_N	2
Fierebrace_N	1
fiereur_N	1
fierge_N	1
fierté_N	3
fièvre_N	7
figue_N	1
figuier_N	3
figure_N	8
fil_N	1
Filardos_N	3
filé_N	1
filet_N	3
filius_N	2
fille_N	87
fillette_N	3
filleul_N	1
Filote_N	3
fils_N	195
fin_Adj	13
fin_N	66
fin2_Adj	33
finie_N	1
finimonde_N	1
firmament_N	8
firmateur_N	1
Firmin_N	1
flaireur_N	1
flamand_Adj	2
flamand_N	1
flambant_Adj	1
flambe_N	1
flamme_N	6
flan_N	4
flanc_N	6
Flandres_N	3
Flatart_N	1
flatterie_N	1
Flavius_N	2
Flavy_N	1
fléau_N	4
flèche_N	2
fleur_N	27
fleurir_Adj	1
fleuron_N	1
fleuve_N	3
Floire_N	2
Florée_N	18
florin_N	2
flot_N	4
flou_Adj	1
flum_N	4
foi_N	122
foie_N	2
foin_N	1
foire_N	8
foireux_Adj	1
fois_N	105
foison_N	14
foisson_N	1
Foix_N	1
folage_Adj	1
folage_N	5
foleur_N	6
foliage_N	1
folie_N	60
foliot_N	4
folison_N	1
follet_Adj	1
fond_N	4
fonde_N	2
fontaine_N	19
fontainette_N	1
fontenelle_N	2
Fontenoy_N	1
fonts_N	2
forain_Adj	1
force_N	64
forcelé_Adj	1
forcelle_N	1
forcenable_Adj	1
forcené_Adj	1
forcenerie_N	3
forceur_Adj	2
forcier_N	1
forclose_N	1
forêt_N	9
forfait_N	12
forge_N	1
forme_N	5
forsen_N	1
fort_Adj	118
forteresse_Adj	1
forteresse_N	3
fortible_Adj	1
Fortin_N	2
fortiz_N	1
fortuné_Adj	1
fortune_N	38
fosse_N	4
fossé_N	3
fossette_N	1
fou_Adj	98
fouc_N	2
Foucon_N	3
foudre_N	2
Four_N	1
fourbir_Adj	1
fourché_Adj	1
fourche_N	1
fournaise_N	2
Fournier_N	1
fourreau_N	1
fourrier_N	1
fourrure_N	1
Fousedame_N	1
foyer_N	1
Fragon_N	1
frais_Adj	13
franc_Adj	3
franc_N	2
Franc_N	1
franc2_Adj	46
français_Adj	20
français_N	8
France_N	54
franchise_N	12
François_N	7
frarin_Adj	2
frayeur_N	2
frein_N	6
frêle_Adj	2
freleté_N	1
frénétique_Adj	1
frère_N	106
fret_N	1
frétel_N	1
Frévaux_N	1
friand_Adj	2
fricassure_N	1
friche_N	1
frileux_Adj	1
Friquet_N	1
Frise_N	3
frison2_N	1
frisque_Adj	4
frisson_N	1
frivole_Adj	2
Frobier_N	1
froid_Adj	17
froid_N	9
froideur_N	1
froidure_N	2
fromage_N	7
froment_N	7
Fromont_N	2
froncer_N	1
front_N	5
frontière_N	2
Froyvaulx_N	1
fruit_N	43
fruitaille_N	1
fuer_N	6
fuerre_N	3
fuie_N	3
fuite_N	1
fuitif_Adj	1
fumaille_N	1
fumée_N	1
fumier_N	5
fumière_N	1
furet_N	1
fureur_N	1
furieux_Adj	1
fusée_N	1
fuselet_N	3
fût_N	5
futur_N	1
gab_N	3
Gabriel_N	2
gage_N	5
gagne_N	1
gai_Adj	6
gaieté_N	1
Gaifier_N	2
gaillart_N	1
gain_N	4
gaine_N	1
gal3_N	1
Galaad_N	1
Galan_N	1
galant_Adj	3
galée_N	1
Galeran_N	1
Galerne_N	1
galet_N	1
Galice_N	1
Galilée_N	3
Galles_N	2
Gallien_N	1
galop_N	4
Gandés_N	13
Gange_N	2
gant_N	10
Garant_Adj	1
garant_N	17
garantie_N	1
garantison_N	1
garce_N	1
garçon_N	12
gardain_N	1
garde_N	35
Garde_N	1
gardier_N	1
gargate_N	1
Garie_N	3
Garigliano_N	1
Garin_N	5
garnement_N	2
garnison_N	3
gars_N	1
gascavel_N	1
Gascogne_N	2
gascon_Adj	1
gascon_N	2
gast_Adj	3
gast_N	1
gâteau_N	2
gâtement_N	2
Gâtinais_N	1
gauche_Adj	2
Gaudias_N	1
Gaudin_N	1
Gaugis_N	1
Gaule_N	4
gaut_N	1
Gauthier_N	3
Gautier_N	11
Gauvain_N	10
géant_N	4
gelée_N	1
géline_N	1
gémissement_N	1
gemme_N	2
gendarme_N	3
génération_N	6
Généroux_N	1
genevois_N	1
génitoires_N	1
géniture_N	1
Genius_N	1
Genois_N	1
genou_N	14
genouillons_N	5
genre_N	2
gens_N	11
gent_Adj	11
gent_N	253
gent2_Adj	35
gentil_Adj	58
gentillesse_N	3
Geoffroi_N	1
Geoffroy_N	5
géométrie_N	1
Georges_N	2
Gerard_N	3
Gérard_N	8
Gerbert_N	1
gerfaut_N	1
Géri_N	2
Gerin_N	2
germain_Adj	7
Germain_N	1
Germanie_N	1
geste_N	6
Gethsémani_N	1
gibet_N	2
gibier_N	2
Giboin_N	1
gigue_N	1
Gilles_N	4
Gillot_N	1
gingembre_N	1
Girard_N	1
girofle_N	2
giron_N	4
gironnée_N	2
glace_N	3
glaçon_N	1
glaive_N	4
gland_N	1
glas_N	1
Glinas_N	1
gloire_N	23
gloria_Adj	1
glorieusement_N	1
glorieux_Adj	11
glose_N	2
glout_N	2
glouton_N	2
gloutornie_N	1
glu_N	1
glui_N	1
Gociaume_N	1
Godefroy_N	1
godet_N	1
godin_Adj	1
Golgotha_N	1
Gombaut_N	8
gomme_N	1
gonfalon_N	6
gonne_N	1
Gontier_N	3
gord_N	1
gorge_N	8
gorgerin_N	2
gorgette_N	2
Gormont_N	37
Gorre_N	1
gorrier_N	1
gorrière_N	1
gosier_N	1
gotz_N	1
goulet_N	1
goulu_Adj	1
goupil_N	1
gourd_Adj	1
gourmand_Adj	2
gourmandise_N	1
goût_N	2
goûte*_N	1
goutte_N	13
gouvernance_N	1
gouvernement_N	3
gouverneresse_N	1
gouverneur_N	4
gouyère_N	1
grace_N	3
grâce_N	70
gracieuseté_N	1
gracieux_Adj	31
graim_Adj	2
grain_N	7
Graindor_N	1
graindre_Adj	17
graisse_N	1
grammaire_N	3
Granche-Vide_N	3
grand_Adj	955
grandeur_N	2
grandissime_Adj	1
grange_N	1
gras_Adj	14
gratia_N	1
grau_N	1
gravelle_N	1
gré_N	67
grec_Adj	15
grec_N	1
Grèce_N	5
greffier_N	1
grégeois_Adj	1
grégeois_N	2
grêle_Adj	1
grêle2_Adj	3
Grenier_N	1
grenon_N	4
grès_N	1
gresil_N	1
grevain_Adj	2
grevance_N	2
grève_N	1
grevement_N	1
grief_Adj	25
grief_N	1
grièveté_N	2
grifain_Adj	1
griffon_N	1
Grigny_N	1
grille_Adj	1
grille_N	1
grimace_N	1
Grimbert_N	2
Gringnart_N	1
gris_Adj	6
Griseldis_N	2
groin_N	2
Grontère_N	1
gros_Adj	23
groset_Adj	1
grue_N	4
gué_N	16
Guenelon_N	1
guerdon_N	22
guerdonner_N	1
guérison_N	9
guerre_N	63
Guerri_N	13
guerrier_N	6
guet_N	1
guette_N	1
Gueuldry_N	1
gueule_N	10
Gui_N	19
Guibor_N	1
guiche_N	1
guichet_N	1
guidon_N	1
guile_N	2
Guillaume_N	45
Guillemette_N	2
guion_N	1
Guiron_N	1
guisarme_N	1
Guischus_N	1
guise_N	19
guivre_N	1
habile_Adj	1
habileté_N	1
habillement_N	1
habit_N	4
habitacle_N	2
habitude_N	1
hache_N	1
haie_N	3
haillon_N	1
Haimet_N	18
Hainaut_N	2
haine_N	8
haineux_Adj	1
haingre_Adj	1
hainuyer_Adj	1
haire_N	2
hait_N	1
haleine_N	1
haleinée_N	1
hallebarde_N	1
Haloi_N	2
Ham_N	1
han_N	1
hanap_N	6
hanche_N	3
Hannibal_N	1
hanste_N	3
hanstier_N	1
Hantonne_N	1
happaille_N	1
hardeau_N	1
hardement_N	11
hardi_Adj	9
Hardi_N	3
hardiement_N	1
hardière_N	1
hardiesse_N	1
Hardre_N	16
hareng_N	1
harnais_N	7
Harouge_N	2
harpe_N	1
harpeur_N	2
hart_N	2
hasard_N	2
haschie_N	2
haschiere_N	1
Haspres_N	1
hâte_N	1
haterel_N	2
hâtif_Adj	3
haubergeon_N	1
haubergier_N	1
haubert_N	21
haussage_N	1
haut_Adj	153
hautain_Adj	3
hautesse_N	4
hautisme_Adj	1
hautor_Adj	2
havée_N	1
havet_N	1
havre_N	2
hé_N	1
heaume_N	29
héberge_N	7
hébergeage_N	1
hébergement_N	2
hébergerie_N	1
Hébert_N	1
hébreu_N	1
Hector_N	3
Hélène_N	3
heli_N	2
hémée_N	1
hennir_N	1
Henri_N	8
Héralt_N	1
héraut_N	3
herbage_N	1
herbe_N	12
herbelette_N	1
Herbert_N	11
herbette_N	1
herbier_N	2
herbis_N	1
hérisson_N	1
héritage_N	10
hérite_N	1
hérité_N	16
héritier_N	8
Herlot_N	1
Hermensaut_N	1
hermin_N	2
hermine_N	3
Hermon_N	3
Hermondine_N	9
Hérode_N	6
héron_N	4
herse_N	1
Hersent_N	2
Hesselin_N	1
heudure_N	1
heur_N	13
heuré_Adj	2
heure_N	76
heureux_Adj	7
heurt_N	1
Heuvin_N	1
hide_N	3
hideux_Adj	8
hie2_N	1
hiérarchie_N	2
Hildégard_N	1
hine_N	1
Hinguar=Ivar_N	6
histoire_N	37
hiver_N	14
hivernage_N	1
hivernal_Adj	1
hognard_N	1
hoir_N	24
Holopherne_N	11
homicide_N	3
hommage_N	10
homme_N	357
hommenage_N	2
Hongrie_N	15
honnesté_N	2
honnête_Adj	12
honneur_N	135
honni_Adj	1
honorable_Adj	1
honorer_N	1
hontage_N	4
honte_N	55
honteux_Adj	4
hôpital_N	1
hoqueton_N	3
horion_N	1
horloge_N	13
horreur_N	1
horribilité_N	1
horrible_Adj	5
hort_N	1
hostage_N	8
hôte_N	25
hôtel_N	56
hôtesse_N	1
houc_N	1
houe_N	1
houlier_N	1
hourd_N	1
house_N	2
houx_N	1
Hubert_N	1
Hue_N	16
Hué_N	1
Hugelin_N	5
Hugon_N	3
Hugues_N	1
huile_N	1
huis_N	17
huissière_N	1
Huitacelin_N	4
huitefale_N	1
huitième_Adj	1
humain_Adj	18
humanité_N	2
humble_Adj	19
humblesse_N	1
humer_N	1
humeur_N	1
humilité_N	16
Huon_N	19
hure_N	1
hutin_N	4
hutinet_N	1
huvet_N	1
hyène_Adj	1
hypocrite_Adj	3
idée_N	1
idiot_Adj	3
idoine_Adj	1
idolâtre_N	2
idolâtrie_N	6
idole_N	6
if_N	1
ignorance_N	2
île_N	7
image_N	36
imagination_N	2
immense_Adj	1
immonde_Adj	1
immortel_Adj	1
imparfait_Adj	2
impérateur_N	1
impérial_Adj	1
importun_Adj	1
impossible_Adj	2
impuissance_N	1
incarnation_N	3
incertain_Adj	1
incident_N	1
inclination_N	1
Inde_N	1
indigence_N	1
indignation_N	1
indigne_Adj	1
industrie_N	1
inextinguible_Adj	1
infâme_Adj	2
infection_N	1
infernal_Adj	3
infini_Adj	3
influence_N	1
ingrat_Adj	1
inhumain_Adj	2
inique_Adj	1
iniquité_N	1
injure_N	2
innocence_N	1
innocent_Adj	1
inspiration_N	2
instrument_N	2
intellectif_Adj	1
intendit_N	1
intention_N	1
intérêt_N	1
interprétation_N	1
invisible_Adj	2
Ipomedon_N	6
ipse_Adj	1
irascu_Adj	1
ire_N	26
ireur_N	1
ireux_Adj	1
Irlande_N	1
irois_Adj	3
irréparable_Adj	1
Isabeau_N	1
Iscariote_N	2
Isembart_N	6
isnel_Adj	5
isnel_N	1
Isnel_N	1
isnelleté_N	1
Israël_N	3
issue_N	3
Italie_N	1
ivoire_N	2
ivre_Adj	6
ivresse_N	1
ivrogne_N	1
jachère_N	1
jacobin_Adj	1
jacobin_N	2
Jacqueline_N	1
Jacques_N	5
Jaie_N	1
jaiet_N	1
jal_N	1
jalousie_N	8
jaloux_Adj	2
jambe_N	6
jambette_N	1
jambon_N	1
James_N	1
jangle_N	2
jangleur_N	1
janvier_N	2
jaque_N	1
jardin_N	11
jardinier_N	1
Jason_N	1
jaspe_N	2
jatte_N	1
jaune_Adj	2
jaune_N	1
javelot_N	2
Jean_N	32
Jeanne_N	2
jenin_N	1
Jérico_N	1
Jérusalem_N	21
Jessé_N	1
Jesus_N	18
Jésus_N	91
Jésus-Christ_N	10
jet_N	1
jeu_N	34
jeudi_N	1
jeune_Adj	34
jeune_N	2
jeûne_N	2
jeûner_N	2
jeunesse_N	25
Joceaulme_N	1
joi_N	1
joie_N	134
joindre_N	1
jointe_N	1
joli_Adj	12
joli_N	3
jolif_Adj	1
Jolis_Adj	1
joliveté_N	1
Jonas_N	11
jonc_N	1
jongler2_N	1
jongleur_N	3
Joseph_N	1
Joséph_N	1
joue_N	2
jour_N	320
Jourdain_N	3
journal_Adj	1
journal_N	1
journée_N	12
joute_N	4
jouvence_N	1
jouvenceau_N	5
jouvencelle_N	1
jouvent_N	3
jouvente_N	6
jovene_Adj	1
joyant_Adj	5
joyau_N	9
joyeuseté_N	2
joyeux_Adj	30
joyeux_N	1
jubé_N	1
Judas_N	26
Judée_N	2
Judith_N	3
juge_N	10
jugement_N	23
jugeur_N	1
juif_N	29
juillet_N	1
juise_N	2
Jules_N	2
Julien_N	1
Julius_N	1
jumeau_Adj	1
jumeau_N	1
jument_N	2
jupon_N	1
jureur_N	1
jus_N	1
juste_Adj	3
justice_N	6
justiciable_Adj	1
justicier_N	1
juti_N	1
juvénile_Adj	1
Kedorlaomer_N	1
kyrielle_N	2
labeur_N	7
labour_N	1
labourage_N	1
lac_N	1
lâche_Adj	3
lâchement_N	1
lâchesse_N	1
lacs_N	9
ladre_Adj	2
lagan_N	1
lai_Adj	15
lai_N	4
lai2_N	1
lai3_N	1
laid_Adj	21
laidure_N	3
laigne_N	3
laine_N	4
laisse_N	1
lait_N	4
Lalice_N	2
Lambert_N	2
lambris_N	1
lame_N	2
lance_N	40
Lancelot_N	2
lancer_N	1
lande_N	11
Landon_N	1
langage_N	11
lange_N	1
langoureux_Adj	1
Langres_N	1
langue_N	11
langueur_N	7
lanier_Adj	4
lanterne_N	1
Lanval_N	32
Laodicée_N	2
Laon_N	2
Larchant_N	8
larcin_N	3
lard_N	4
large_Adj	13
largesse_N	8
largeté_N	2
larme_N	20
larmoyer_N	1
larron_N	60
las_Adj	52
laschance_N	1
lasne_N	1
lasseté_N	1
latin_N	15
latte_N	1
Laurence_N	1
Laurent_N	1
laurier_N	2
Lazare_N	5
lé_Adj	12
lécherie_N	1
lécheur_N	2
leçon_N	10
lecture_N	1
légal_Adj	1
léger_Adj	23
légèreté_N	1
légerie_N	3
légion_N	2
lendemain_N	1
lent_Adj	3
Leoines_N	1
Léonard_N	1
léonin_Adj	1
léopard_N	4
lèpre_N	3
lépreux_Adj	1
leson_N	2
lettré_Adj	3
lettre_N	18
lettrure_N	1
leur_Adj	3
leur2_Adj	8
Leutice_N	1
Levant_N	1
levis_Adj	1
lévrier_N	4
lez_N	6
liais_N	1
liant_N	1
liart_N	2
Liban_N	1
libéral_Adj	1
liberté_N	5
Licanor_N	2
licence_N	1
lié_Adj	55
lie_N	1
liège_N	1
liégeois_Adj	1
lien_Adj	1
lien_N	8
lier_Adj	1
liesse_N	18
lieu_N	104
lieue_N	17
lieutenant_N	2
lièvre_N	1
lige_Adj	6
lignage_N	31
ligne_N	2
lignée_N	9
limage_N	1
limeçon_N	1
limier_N	2
limitation_N	1
limon_N	1
lin_N	2
lin2_N	4
linceul_N	1
linget_Adj	1
lion_N	24
Lion_N	1
Lionneau_N	3
liqueur_N	2
lis_Adj	1
lis_N	6
listé_Adj	2
lit_N	39
littéral_Adj	1
liveré_N	1
livraison_N	1
livre_N	43
livre2_N	2
livrée_N	1
lobe2_N	1
locu_N	1
Loengre_N	1
loge_N	3
logette_N	1
logique_N	2
logis_N	2
Lohier_N	1
loi_Adj	1
loi_N	63
lointain_Adj	6
loir_N	2
Loire_N	1
loisible_Adj	1
loisir_N	11
lombard_N	2
Lombardie_N	7
long_Adj	86
longaigne_N	2
longueur_N	2
lopin_N	1
loque_N	1
loqueteux_Adj	1
lorrain_N	3
Lorraine_N	2
los_N	15
losenge_N	2
losengier_Adj	1
losengier_N	4
lot_N	1
Lot_N	3
Loth_N	2
louange_N	10
louer_N	1
Louis_N	47
loup_N	22
lourd_Adj	3
lourdaud_Adj	1
Louviers_N	1
loyal_Adj	47
loyal_N	1
loyauté_N	23
loyer_N	12
Luc_N	1
lucerne_N	1
Lucifer_N	4
Lucrèce_N	1
lueur_N	1
lumière_N	6
luminaire_N	1
lundi_N	1
lune_N	8
lunette_N	1
luther_N	1
luxure_N	4
luxurieux_Adj	1
Luxurieux_Adj	1
lyonnaise_Adj	1
lyre_N	1
Mabon_N	1
Maccabée_N	1
Macédoine_N	2
macédonien_N	2
Macée_N	1
Macemue_N	1
machicoule_N	1
Macon_N	1
Macourt_N	1
Macquaire_N	1
Macrobe_N	1
madame_N	5
Madeleine_N	5
mademoiselle_N	2
Madot_N	1
magique_N	1
magnificence_N	1
magnifique_Adj	1
magot_N	1
mahaing_N	2
Mahom_N	9
mahomet_N	3
Mahomet_N	5
mai_N	11
maie_N	4
maigne_Adj	2
maigne_N	1
maigre_Adj	5
mail_N	1
maille_N	10
maille2_N	3
maillette_N	1
main_N	90
main2_N	8
maindre_Adj	1
Maine_N	4
maintesfois_N	1
maintien_N	5
maire_N	1
mais_N	2
mais2_Adj	1
mais3_N	1
maisnie_N	27
maison_N	66
maisonnette_N	1
maisselle_N	4
maître_Adj	5
maître_N	112
maître2_Adj	1
maîtresse_N	18
maîtrie_N	7
maîtrise_N	4
majesté_N	8
majeur_Adj	3
mal_Adj	20
mal_N	196
mal2_Adj	97
malade_Adj	20
maladie_N	23
maladif_Adj	1
malage_N	2
malaise_N	4
Malapert_N	2
malard_N	1
maldehait_N	3
mâle_Adj	1
mâle_N	1
Malebranche_N	1
malédiction_N	2
Malegrape_N	1
maléisson_N	2
malfait_N	1
malfaiteur_N	4
malgré_N	2
malheur_N	1
malheuré_Adj	4
malheureux_Adj	7
malheurté_N	3
malice_N	9
malicieux_Adj	2
malotru_N	2
maltaillé_Adj	1
maltalent_N	15
Malvoisin_N	1
mamelle_N	5
manaie_N	2
manandie_N	1
manant_Adj	1
manceau_N	6
manche_N	4
mandement_N	1
manée_N	1
manel2_Adj	1
mangon_N	1
manière_N	68
manne_N	2
manoir_N	8
manoque_N	1
Mans_N	1
mansion_N	1
manteau_N	11
mantelet_N	1
marais_N	2
marâtre_N	2
marbre_N	7
marbrin_Adj	3
marc_N	10
Marc_N	3
marchand_N	14
marchande_N	1
marchandise_N	4
marche_N	5
marché_N	17
marche2_N	1
mardi_N	7
maréchal_N	2
Margari_N	4
Margiste_N	3
Margot_N	8
mari_N	10
Maria_N	1
mariage_N	21
Marie_N	46
mariement_N	1
Marien_N	1
marin_Adj	1
Marin_N	8
marine_N	1
Marion_N	3
marionnette_N	1
Marle_N	1
Marmion_N	1
Marne_N	1
marque_N	1
marquis_N	21
marquise_N	1
marquisie_N	1
marrement_N	2
mars_N	1
Mars_N	1
marsouin_N	1
Martel_N	5
Marthe_N	4
Martin_N	6
martre_N	1
martyre_N	16
martyrement_N	1
Masquelée_N	1
masse_N	3
masse2_N	2
massue_N	2
mat_Adj	5
mat_N	2
mât_N	1
Mataqua_N	1
matelin_N	1
Mathieu_N	2
Mathurin_N	32
matière_N	23
matin_N	34
mâtin_N	3
matinée_N	3
matinel_N	1
matines_N	5
matinet_N	2
Matroé_N	2
maubué_Adj	1
maudit_N	1
maufé_N	6
Maurienne_N	1
Mautaint_N	1
mauvais_Adj	49
mauvaiseté_N	5
Maximien_N	1
Meaux_N	1
méchance_N	6
méchant_Adj	5
méchef_N	10
méchin_N	3
mécinaille_N	1
Mecque_N	1
mécréandise_N	1
médecine_N	4
Medée_N	5
médicinable_Adj	1
Medon_N	1
méfait_N	7
mège_N	1
Mehaut_N	1
Méhaut_N	1
meilleur_Adj	60
meilleur_N	1
mélancolie_N	8
Méléagant_N	1
Meleager_N	2
Meleain_N	5
mêlée_N	4
Meliadus_N	1
mélodie_N	3
membre_N	15
membru_Adj	1
même_Adj	59
même_N	1
mémoire_N	9
menace_N	8
ménage_N	4
ménager_N	1
menchaut_N	1
mendi_Adj	1
mendi_N	1
Meneïs_N	1
ménestraudise_N	1
ménestrel_N	4
ménétrier_N	1
mensonge_N	17
mensongette_N	1
mensongier_N	1
menterie_N	1
mention_N	10
menton_N	6
menu_Adj	7
mépris_N	1
méprison_N	4
méprisure_N	3
mer_N	83
merci_N	104
merde_N	1
mère_N	123
Merebuef_N	1
mérite_N	9
Merlin_N	1
Mernoc_N	2
merrain_N	1
merveille_N	54
merveiller_N	2
merveilleux_Adj	11
merz_N	1
mes_N	6
mésaise_N	12
meschine_N	12
mésel_Adj	1
mésel_N	2
mesheur_N	1
Mésopotamie_N	1
message_N	28
messager_N	24
messe_N	14
messire_N	16
mesure_N	32
métal_N	1
métier_N	47
métrait_N	1
mètre_N	1
mets_N	8
mettable_Adj	1
Metz_N	3
meuble_N	1
meule_N	1
Meung_N	2
meunier_N	1
meurtre_N	1
meurtrière_N	1
Meuse_N	1
meute_N	1
mi_Adj	2
mi_N	28
Michaut_N	2
miche_N	2
Michel_N	5
midi_N	4
miel_N	2
mien_Adj	12
mier_Adj	5
mignon_Adj	5
mignonnet_N	1
mignot_Adj	1
Milan_N	1
Mile_N	1
milieu_N	2
milliaire_N	2
millier_N	8
million_N	2
mimin_N	1
Minchemont_N	1
mine_N	1
mineur_Adj	7
ministre_N	2
minuit_Adj	1
miracle_N	24
mire_N	9
miroir_N	2
mise_N	1
misère_N	1
miséricorde_N	5
misérin_Adj	1
mite_N	1
Mitou_N	1
moeurs_N	16
moillier_N	32
moilon_N	1
moindre_Adj	1
moine_N	30
moinsné_Adj	1
moinsné_N	2
mois_N	20
moisson2_N	1
moite_Adj	2
moitié_N	11
moiture_N	1
moleste_Adj	1
moleste_N	2
mollet_Adj	1
mon_Adj	48
monarchie_N	1
Monbardon_N	1
monceau_N	3
mondain_Adj	1
monde_Adj	1
monde_N	165
Monfaucon_N	1
Monjeu_N	1
Monloon_N	3
monnaie_N	7
Mons_N	1
monseigneur_N	20
monstre_N	2
mont_N	17
montagne_N	6
montant_N	2
Montauban_N	1
Montcler_N	1
monte_N	3
montée_N	1
monter_N	1
Montgriès_N	6
montjoie_N	2
Montmartre_N	1
Montpellier_N	2
Montpipeau_N	1
montrance_N	1
montre_N	1
monument_N	7
moquerie_N	1
moralité_N	1
morceau_N	6
morcelet_N	1
moré_Adj	1
moré_N	1
moré2_N	1
Morel_N	1
Morge_N	1
morne_Adj	7
morois_Adj	3
mors_N	3
morsure_N	1
mort_N	138
mortalité_N	1
mortel_Adj	19
mortier_N	1
Mortier_N	2
morveux_Adj	1
mot_N	58
motet_N	1
mou_Adj	3
mouche_N	3
moue_N	4
mouillé_Adj	1
mouiller_N	1
moule_N	1
moulin_N	3
moulinet_N	1
moult_Adj	1
mouquilleux_Adj	1
moussu_Adj	1
moutarde_N	2
moutier_N	37
mouton_N	13
mouture_N	1
mouvement_N	4
moyen_Adj	3
moyen_N	8
moyen2_Adj	1
moyenne_N	1
mu_Adj	4
muable_Adj	3
mue_N	1
muid_N	1
mul_N	1
mule_N	3
mulet_N	4
mulier_N	1
multitude_N	1
munir_N	1
mûr_Adj	1
mur_N	17
murage_N	1
musard_Adj	5
musard_N	1
muse_N	2
muse3_N	1
muse5_N	1
musette_N	1
mutation_N	4
mute_N	3
myrrhe_N	1
mystère_N	4
mystérial_Adj	1
Nabal_N	1
naïf_N	1
nain_N	1
naissance_N	2
Nales_N	13
Namles_N	2
Namur_N	1
nappe_N	6
narille_N	1
nasel_N	3
natif_Adj	1
nation_N	5
nativité_N	3
natte_N	1
nature_N	53
naturel_Adj	10
nautonier_N	1
Navaille_N	1
navée_N	1
navie_N	2
nazarenus_N	1
nécessaire_Adj	9
nécessité_N	1
nef_N	51
négligence_N	2
négligent_Adj	1
neige_N	1
Neptune_N	1
nerf_N	1
Nesle_N	1
net_Adj	10
netteé_N	1
netteté_N	2
neuf_Adj	8
neuvième_Adj	1
Nevelon_N	1
Nevers_N	2
neveu_N	21
nez_N	11
ni_N	1
niais_Adj	1
Nicaise_N	1
nice_Adj	8
Nicée_N	3
niceté_N	1
Nicodemus_N	1
Nicolas_N	12
Nicosie_N	1
nid_N	5
nieble_N	2
nigromance_N	1
nigromancien_N	1
Nîmes_N	1
Ninive_N	2
nisi_N	1
Nivelle_N	1
no_N	1
nobilité_N	2
noble_Adj	57
Noble_N	10
noblesse_N	8
noce_N	3
Noé_N	1
noeillon_N	1
Noël_Adj	1
noël_N	1
Noël_N	6
noeud_N	1
Nogentel_N	1
noif_N	4
noir_Adj	21
Noire_N	1
noiron_N	1
Noiron_N	3
noise_N	15
noiser_N	2
noisette_N	1
noiseux_Adj	2
noix_N	2
nom_N	127
nombre_N	5
nommer_N	1
nonchaloir_N	1
none_N	3
nonnain_N	1
nonne_N	3
nonnette_N	1
nonpareil_Adj	6
nord_N	1
normand_Adj	3
Normandie_N	10
norois_Adj	2
Northumberland_N	4
northumbreis_N	1
notable_Adj	1
notaire_N	2
note_N	1
notre_Adj	11
nourriture_N	4
nouveau_Adj	55
nouveau_N	1
nouveauté_N	1
nouvelle_N	31
noyeau_N	1
nu_Adj	36
nue_N	3
nuele_N	1
nuisance_N	2
nuit_N	93
nuitée_N	2
oan_N	2
obédience_N	2
obédient_Adj	1
obéissance_N	6
objet_N	1
oblation_N	1
obscur_Adj	6
observance_N	3
occident_N	1
Occident_N	1
occision_N	1
occupation_N	1
océan_N	1
ochaison_N	15
Octavien_N	1
Octovien_N	3
octroi_N	4
odeur_N	2
oeil_N	100
oeuf_N	10
oeuvre_N	42
offense_N	2
office_N	12
offrande_N	6
Ogier_N	7
oie_N	4
oignement_N	7
oiseau_N	23
Oisemont_N	2
oiseux_Adj	3
oisillon_N	1
oison_N	1
oisour_N	3
olif_N	1
olifant_N	5
Oliferne_N	1
olive_N	1
olivet_N	1
Olivet_N	1
olivier_N	9
Olivier_N	3
ombre_N	4
Omer_N	2
omnipotent_Adj	7
oncle_N	7
onde_N	4
ongle_N	5
onguement_N	2
oni_Adj	3
opération_N	2
opinion_N	2
opportun_Adj	1
oppression_N	1
opprobre_N	1
or_N	103
orage_N	2
oraison_N	16
Orange_N	1
orbe2_Adj	1
Orcanie_N	1
ord_Adj	6
ordonnance_N	26
ordonnement_N	1
ordre_N	19
ordure_N	8
oré_N	2
oré2_N	1
oreille_N	20
orfèvre_N	1
orfèvrerie_N	2
orfroi_N	3
orge_N	3
orgueil_N	36
Orgueil_N	21
orgueiller_N	1
Orgueilleuse_N	1
orgueilleux_Adj	16
Orgueilleux_N	2
orient_N	8
Orient_N	1
Oriente_N	2
orière_N	1
oriflambe_N	1
origine_N	1
originel_Adj	1
Origny_N	2
orine_N	2
Orléanais_N	1
Orléans_N	5
orme_N	1
orphelin_Adj	1
orphelin_N	3
orteil_N	2
os_N	16
os2_Adj	1
osement_N	1
osier_N	1
ost_N	18
Oswald_N	1
otage_N	10
ôter_N	2
Oton_N	1
Otrante_N	2
Ou_N	1
ouaille_N	4
oubli_N	7
oublier_N	1
oublieux_Adj	1
ouest_N	2
ouïe_N	3
ouïr_N	1
ours_N	5
ourton_N	1
outil_N	2
outrage_N	14
outrageux_Adj	3
outrecuidance_N	1
ouvrage_N	7
ouvraigne_N	1
ouvrier_N	4
Ovide_N	1
Oxford_N	3
oyance_N	1
pacter_N	1
page_N	1
Pagorant_N	1
pagosse_N	1
paie_N	1
paiement_N	3
païen_Adj	2
païen_N	34
païenie_N	1
païenime_N	2
paieresse_N	1
paile_N	5
paillard_Adj	1
paillard_N	2
paille_N	7
paillette_N	1
pain_N	25
pair_N	29
paisson2_N	1
paître_N	1
paix_N	80
pal_N	2
palais_N	43
palasin_Adj	2
pâle_Adj	6
palefroi_N	11
pâlif_N	2
palis_N	1
Pallas_N	1
palme_N	2
palud_N	3
pâmée_N	1
Pampelune_N	2
pan_N	6
panier_N	3
pansart_Adj	1
panse_N	4
Panthasselée_N	1
paon_N	2
paonnet_N	1
pape_N	5
papegai_N	1
papelard_N	2
papetort_N	1
papillon_N	1
pâques_N	9
Pâques_N	2
paradis_N	37
parage_N	12
parc_N	3
parclose_N	1
parçonnier_Adj	1
pardon_N	9
parégal_Adj	1
pareil_Adj	18
pareil_N	1
parent_N	12
parentage_N	1
parenté_N	6
paresse_N	2
paresseux_Adj	3
parfait_Adj	1
parfait_N	1
parfin_N	2
parfond_Adj	13
Paris_N	38
parisien_Adj	1
parisis_N	1
parjure_N	1
parlement_N	4
parleur_N	1
Parnasus_N	1
paroi_N	3
paroisse_N	1
parole_N	60
parrain_N	3
parrainage_N	1
part_N	126
parti_N	5
partial_Adj	1
partie_N	20
parure_N	1
pas_N	16
pas2_N	2
pascal_Adj	1
pascour_Adj	1
passage_N	8
passe-temps_N	1
Passien_N	1
passion_N	20
pasteur_N	5
pastoureau_N	5
pastourelle_N	1
pasture_N	1
patard_N	1
pâte_N	1
pâté_N	1
patenôtre_N	1
paterne_N	1
Pathelin_N	1
patience_N	3
patior_Adj	1
patriarche_N	6
patrimoine_N	2
patronage_N	1
patte_N	1
pâture_N	1
Pau_N	1
Paul_N	1
paume_N	6
paumeton_N	1
paumier_Adj	1
paumier_N	8
paupière_N	1
pause_N	2
pautonier_Adj	1
pautonier_N	5
pautonière_N	1
pauvre_Adj	115
pauvre_N	1
pauvresse_N	1
pauvreté_N	20
pavement_N	6
Pavie_N	1
pavillon_N	6
pax_N	1
pays_N	86
paysan_N	2
peau_N	32
peautraille_N	1
péchable_Adj	1
péché_N	76
pécher_N	1
pécheur_N	9
pécune_N	3
Pégase_N	1
peigne_N	1
peine_N	118
peintre_N	3
peinture_N	5
Pelé_N	1
pèlerin_N	9
pèlerinage_N	4
pelisse_N	1
pelisson_N	4
pelletier_N	1
penance_N	3
penant_Adj	1
pendaille_N	1
pendis_Adj	1
pénible_Adj	3
pénitence_N	7
pennon_N	1
pensé_N	9
pensée_N	41
pensement_N	5
pensif_Adj	14
Pentail_N	21
pentecôte_N	5
Pépin_N	33
perce_N	1
Perceval_N	2
Perchael_N	2
perchant_N	1
Perchehaie_N	1
Perdicas_N	2
perdition_N	6
Perdriel_N	1
perdrix_N	1
perdurable_Adj	3
père_N	219
perfection_N	2
péril_N	20
périlleux_Adj	8
perle_N	1
permanable_Adj	1
Péronne_N	3
Perrenet_N	1
Perrette_N	1
perrin_N	1
perron_N	3
Perrot_N	1
Perrotin_N	9
pers_N	1
persan_Adj	7
Perse_N	6
persécuteur_N	1
persécution_N	1
personnage_N	4
personne_N	13
perte_N	16
pertuis_N	2
pervers_Adj	2
pesance_N	3
pesme_Adj	3
peson_N	1
peste_N	1
pestilence_N	1
pet_Adj	1
petit_Adj	105
petit_N	1
petitet_Adj	2
petitet_N	4
Petrus_N	1
peu_N	105
peuple_N	31
peur_N	73
peureux_Adj	3
Phaéton_N	3
pharaon_N	1
Phébus_N	3
Phelipople_N	2
Phelis_N	1
phénix_N	1
Philippe_N	4
philosophe_N	2
physicien_N	1
physicienne_N	1
Picte_N	1
pie_N	6
pièce_N	25
pied_N	96
piège_N	1
Piémont_N	1
pierre_N	35
Pierre_N	42
Pierrelatte_N	1
pierrerie_N	2
piétaille_N	1
piété_N	4
pieu_N	1
pieux_Adj	1
pignible_Adj	1
pignon_N	2
Pilas_N	1
Pilate_N	22
pile_N	2
pilier_N	3
pillerie_N	2
piment_N	3
pin_N	2
Pinard_N	1
pinceau_N	1
Pinchart_N	1
Pinelle_N	1
pinte_N	4
Pinte_N	2
pion_N	1
pionnier_N	1
piot_N	1
piperesse_N	1
pique_N	1
pire_Adj	13
pis_N	11
Pise_N	1
pitance_N	3
piteux_Adj	8
pitié_N	57
piu_Adj	11
place_N	21
plaid_N	29
plaider_N	1
plaie_N	7
plain_Adj	1
plain_N	7
plaint_N	2
plainte_N	5
plaisance_N	34
plaisir_N	72
plaissié_N	1
plancher_N	2
planète_N	2
plante_N	3
plantiveux_Adj	1
plaque_N	1
plasmateur_N	1
plasmation_N	1
plat_Adj	3
Plat_N	1
plâtre_N	1
plâtrière_N	1
pleige_N	3
plein_Adj	103
plénier_Adj	18
plenté_N	21
pleur_N	13
pleuvier_N	1
pli_N	2
ploçon_N	1
ploi_N	1
plomb_N	8
plombée_N	2
pluie_N	3
plume_N	2
Plumus_N	1
Pluton_N	1
pluvier_N	2
pluvieux_Adj	1
poe_N	1
poêle_N	3
poeste_N	1
poësté_N	5
pöesté_N	1
poesteif_Adj	6
poète_N	1
pohier_N	1
poi_N	1
poids_N	6
poignard_N	1
poigneur_N	2
poil_N	12
poing_N	14
point_N	68
pointe_N	1
pointure_N	2
poire_N	1
poirier_N	1
pois_N	3
poison_N	2
poisson_N	14
poitevin_N	1
Poitiers_N	7
Poitou_N	6
poitrine_N	4
police_N	1
Polis_N	1
Pologne_N	1
Polycarpe_N	4
pomme_N	11
pommette_N	1
pommier_Adj	1
pommier_N	1
Pompée_N	1
Ponçon_N	2
Ponnet_N	1
pont_N	35
Ponthieu_N	1
Pontieu_N	2
pontifex_N	1
porc_N	3
porche_N	1
porcher_N	1
port_N	21
porte_N	18
portée_N	1
portier_N	1
portrait_N	1
portraiture_N	4
possession_N	1
possible_Adj	3
poste_N	1
postère_N	1
pot_N	6
potage_N	2
potation_N	1
poterne_N	2
potier_N	1
potion_N	1
pouce_N	2
poudre_N	6
Pouilles_N	8
pouilleux_Adj	2
Pouillles_N	1
poul_N	3
poulaille_N	2
Poullieu_N	1
poumon_N	2
pour_N	1
pourceau_N	5
pourchas_N	1
poureté_N	1
pourpens_Adj	1
pourpens_N	5
pourpoint_N	4
pourpre_N	7
Pourras_N	1
pourriture_N	1
pourvoyance_N	6
pousse_N	1
poussière_N	1
poussin_N	1
poussinière_Adj	1
pouture_N	1
pouvoir_N	41
pouz_N	2
poverin_N	1
poverte_N	2
prairie_N	2
pratique_N	2
pré_N	35
préau_N	6
prébende_N	1
précellence_N	1
précept_N	1
précieux_Adj	13
prée_N	2
préférence_N	2
preins_Adj	1
préjudice_N	1
prélat_N	3
prélation_N	1
preliateur_N	1
premerain_Adj	7
premier_Adj	45
prépotence_N	1
prépotent_Adj	1
prérogative_N	1
prescience_N	1
présence_N	5
présent_Adj	4
présent_N	16
président_N	2
présomption_N	1
presse_N	13
prêt_Adj	27
prêt_N	1
prêt2_Adj	2
prétérit_N	1
prêtre_N	32
prêtresse_N	1
preu_N	8
preuve_N	1
preux_Adj	62
prévôt_N	4
Priam_N	1
prière_N	28
prieur_N	1
prieure_N	3
prieurté_N	1
prieuse_N	1
prim_Adj	1
Primaut_N	1
prime_N	4
prince_N	49
princesse_N	6
princier_N	4
principal_Adj	5
principauté_N	1
principe_N	1
printemps_N	2
prise_N	2
prison_N	19
prison2_N	9
prisonnier_N	6
privance_N	1
privé_Adj	3
privée_N	2
priveté_N	2
privilège_N	5
prix_N	37
procès_N	1
prochain_Adj	8
prochain_N	1
procureur_N	2
profès_N	1
profit_N	17
profitable_Adj	8
profiteux_Adj	1
progène_N	1
proie_N	10
proisme_N	1
prologue_N	1
promesse_N	9
promoteur_N	1
prompt_Adj	1
proneau_N	1
prophète_N	5
prophétie_N	2
propice_Adj	1
propos_N	11
propre_Adj	10
propriété_N	3
Proserpine_N	3
prospérité_N	1
Protheselaus_N	7
prou_N	1
prouesse_N	15
prousset_Adj	1
provende_N	3
provendier_N	1
proverbe_N	1
province_N	4
provoire_N	5
prudefemme_N	1
prudence_N	2
prudent_Adj	1
prudhomme_Adj	1
prudhomme_N	39
prudhommie_N	1
prune_N	2
psalmiste_N	2
psaltérion_N	1
psautier_N	3
Ptolémée_N	9
public_Adj	5
pucelage_N	1
pucelle_N	80
pueur_N	3
pugne_N	1
puîné_Adj	1
puissance_N	37
puissant_Adj	21
puissedi_N	1
puits_N	11
pullent_Adj	5
pupitre_N	1
pur_Adj	13
purgement_N	1
put_Adj	8
putain_N	7
puy_N	7
qualité_N	1
quantité_N	1
quarantaine_N	1
quart_Adj	27
quart_N	1
quartaine_N	2
quartenaire_N	1
quartier_N	8
quel_Adj	1
quenouille_N	1
Quentin_N	2
Quercy_N	1
querelle_N	6
quérir_N	1
querne_N	1
quête_N	1
queue_N	2
queux_N	2
quidam_Adj	1
Quinargos_N	1
quint_Adj	4
quintaine_N	10
Quinte_N	1
quitte_Adj	16
quittement_N	1
rachat_N	1
racine_N	5
raclure_N	1
raconte_N	1
racorderesse_N	1
rade_Adj	1
rage_N	11
Raguier_N	2
rai_N	1
raide_Adj	1
raie_N	1
raillon_N	1
raim_N	2
raine_N	7
Rainelet_N	2
Rainouart_N	1
raisin_N	1
raisnable_Adj	1
raisnier_N	1
raison_N	127
raisonnable_Adj	4
raisonnablement_N	1
raiz_N	1
ralias_N	1
rame_N	1
ramener_N	1
rampaille_N	1
ramper_N	1
ramponne_N	2
ramu_Adj	1
ran_N	1
Ranchicourt_N	1
rançon_N	3
rancune_N	3
randon_N	1
rang_N	5
range_N	1
Raoul_N	45
rap_N	1
rapine_N	2
rappel_N	1
rapport_N	3
ras_N	1
rat_N	2
rate_N	6
râteau_N	1
Raul_N	1
Raus_N	1
ravin_N	1
ravine_N	2
réal_N	1
rebelle_Adj	3
rebelle_N	2
rébellion_N	2
rebours_N	1
rebout_N	1
recelée_N	1
recept_N	2
recipé_N	1
reclin_N	1
recoi_N	3
récompense_N	1
réconfort_N	8
recort_N	4
recouvrement_N	1
récréance_N	1
recteur_N	1
reculet_N	1
rédempteur_N	1
rédemption_N	5
redout_N	1
redoutée_N	1
réfection_N	1
refrain_N	1
refuge_N	3
refus_N	8
regal_Adj	2
regard_N	31
regardure_N	1
régiment_N	1
région_N	7
règle_N	4
régné_N	12
règne_N	24
regnier_N	2
Regnier_N	2
regnum_N	3
regret_N	5
regrettée_N	1
Reims_N	3
rein_N	1
reine_N	62
relais_N	2
relation_N	1
relevée_N	1
relief_N	3
religieux_Adj	4
religion_N	5
relique_N	3
Remacle_N	1
remanance_N	2
remanant_N	4
remansion_N	1
Rembaut_N	2
remède_N	2
remembrance_N	7
rémission_N	2
remontière_N	1
remords_N	1
remunération_N	1
renard_N	30
renchère_N	1
rêne_N	12
renom_N	14
renommée_N	8
rente_N	14
repair_N	2
repaire_N	5
repas_N	1
repentaille_N	1
repentance_N	10
répit_N	7
réplétion_N	1
réplique_N	1
répons_N	5
réponse_N	1
repos_N	15
repost_N	2
repostaille_N	1
reproche_N	6
reptile_N	2
requête_N	6
rescos_N	1
rescousse_N	2
résidence_N	1
résistance_N	1
respas_N	1
ressemblable_Adj	1
ressort_N	1
reste_N	1
retenue_N	1
retour_N	6
retournée_N	1
rétraction_N	1
retrait_N	3
retraite_N	1
revel_N	4
révélation_N	2
révérence_N	6
revis_N	1
Rhin_N	5
rhume_N	1
ribaud_Adj	1
ribaud_N	6
ribaude_N	1
ribaudequin_N	1
ribauderie_N	1
Ribemont_N	1
ric_N	2
Richard_N	29
riche_Adj	111
richesse_N	24
richeté_N	5
Richier_N	4
rien_N	281
riennée_N	1
Rifflandoule_N	1
rigoureux_Adj	2
rigueur_N	4
rime_N	8
Rimocheron_N	1
rinceau_N	1
riote_N	2
Riou_N	1
ripeux_Adj	1
Riquier_N	6
rire_N	2
ris_N	10
rivage_N	4
rive_N	1
Rivier_N	1
rivière_N	14
Riviers_N	1
Roalt_N	2
robe_N	15
roberie_N	2
Robert_N	4
robeur_N	1
Robichon_N	1
Robin_N	12
Robinet_N	2
Robués_N	1
roc_N	6
roche_N	3
rocher_N	4
Roenel_N	2
rogneux_Adj	2
rognon_N	1
rognure_N	2
Rohais=Édesse_N	5
roi_N	517
Roie_N	2
roit_Adj	1
Roland_N	3
rôlet_N	1
Romadample_N	3
romain_Adj	13
romain_N	1
roman_N	8
Romanie_N	2
Rome_N	41
ronci_N	2
roncin_N	1
rond_Adj	11
ronde_Adj	1
rondeau_N	5
ros_N	1
rose_N	10
rosée_N	1
rosin_Adj	1
Rosnel_N	1
Rostement_N	1
Rostemont_N	1
rôt_N	2
rote2_N	1
Rotelande_N	1
Rou_N	34
roué_Adj	1
roue_N	26
Rouen_N	2
rouge_Adj	9
Roumanie_N	1
roupieux_Adj	1
Rousse_N	1
rousset_Adj	1
route_N	7
roux_Adj	3
rovaison_N	1
rovent_Adj	1
royal_Adj	12
royaume_N	19
royauté_N	1
ru_N	1
rubeste_Adj	3
rubis_N	4
rude_Adj	8
rudesse_N	3
rue_N	10
Rueil_N	1
Ruel_N	1
ruelle_N	3
ruiotel_N	1
ruisseau_N	2
ruisselet_N	1
ruiste_Adj	1
rusé_Adj	1
rustre_Adj	1
Sabine_N	1
sable2_N	1
sablon_N	4
sac_N	9
sachet_N	2
sacrement_N	5
sacrifice_N	5
sacristain_N	16
sade_Adj	2
sadinet_Adj	1
saeculum_N	1
sage_Adj	134
sage_N	1
sagesse_N	1
sagremor_N	1
saie_N	1
sain_Adj	20
Sains_N	1
saint_Adj	330
saint_N	2
saintisme_Adj	6
saintuaire_N	3
saisine_N	4
saisne_Adj	1
saisne_N	3
saison_N	18
salade_N	2
Salatri_N	1
sale_Adj	1
Salins_N	1
salle_N	19
Salomon_N	3
salpêtre_N	1
Saluces_N	1
salut_N	14
salutaire_Adj	1
Salutes_N	1
salvation_N	1
samadi_N	1
Samarie_N	1
samedi_N	3
samit_N	3
Samuel_N	2
sanctus_Adj	2
sang_N	29
sanglant_Adj	7
sanglier_Adj	1
sanglier_N	3
sanguin_Adj	1
Sanson_N	2
santé_N	20
santif_Adj	1
saphir_N	2
sapience_N	8
sapin_N	1
Sarah_N	1
Sarpetus_N	1
sarrasin_N	14
sarrasinois_Adj	2
sarrasinois_N	1
satan_N	5
Satan_N	3
satanas_N	1
Satanas_N	3
satisfaction_N	1
Saturnard_N	1
Saturne_N	1
sauce_N	2
sauf_Adj	4
sauf-conduit_N	1
saumon_N	1
saut_N	3
sauteur_N	1
sauvage_Adj	9
sauvement_N	7
sauveté_N	5
sauveur_N	4
sauz_N	1
savance_N	1
Savari_N	2
savate_N	2
savetier_N	1
saveur_N	7
savoir_N	20
savourable_Adj	1
savoureux_Adj	3
Saxonie_N	1
sayette_N	2
sceau_N	10
scelleur_N	1
science_N	29
scion_N	1
Scipion_N	1
Scipions_N	1
Scythie_N	1
sec_Adj	9
sèche_Adj	1
séchon_N	1
second_Adj	9
secourable_Adj	1
secours_N	26
secret_Adj	1
secret_N	5
sédition_N	1
Seguin_N	1
seigneur_N	230
seigneurage_N	4
seigneuri_Adj	1
seigneurie_N	27
seigneuriement_N	1
seigneurieux_Adj	1
seine_N	1
Seine_N	1
séjour__N	1
séjour_N	23
sel_N	6
selle_N	16
Sellentois_N	1
Selve_N	1
semaine_N	11
semblable_Adj	6
semblance_N	11
semblant_N	43
semblée_N	1
semelle_N	2
semence_N	6
Semiramis_N	1
semonce_N	1
sempiternel_Adj	1
sen_N	1
sénat_N	1
sénateur_N	2
sené_Adj	9
sénéchal_N	26
senestre_Adj	19
Senlis_N	1
senoec_N	1
sens_Adj	1
sens_N	97
Sens_N	3
sensible_Adj	2
sent_N	3
sente_N	3
sentement_N	5
sentence_N	9
sentier_N	10
septentrion_N	2
septième_Adj	1
sépulcre_N	13
sépulture_N	1
Séquard_N	6
séraphin_N	1
serein_Adj	1
serf_N	14
sergent_N	21
seri_Adj	5
serment_N	15
sermon_N	17
serpe_N	1
serpent_N	5
serpentin_Adj	2
serpentine_N	1
serre_N	4
servage_N	5
servagier_N	1
servant_N	8
servante_N	1
serve_N	4
service_N	51
serviteur_N	9
servitume_N	1
setier_N	1
seuil_N	1
seul_Adj	101
seulet_Adj	1
seurance_N	1
Sewin_N	3
sexe_N	2
Sicile_N	8
Sidoain_N	1
sié_N	2
siècle_N	27
siège_N	9
sien_Adj	14
sigle_N	2
signacle_N	1
signe_N	9
signifiance_N	2
signifiant_N	1
signification_N	1
sigognole_N	1
silence_N	3
silete_N	1
Silocien_N	1
Siméon_N	1
similitude_N	1
Simon_N	6
simonie_N	2
simple_Adj	8
simplesse_N	5
Sindemias_N	1
singe_N	2
singulier_Adj	3
sinople_N	1
Sion_N	1
sire_N	329
Sis_N	1
sixième_Adj	1
sodomite_N	1
soeur_N	52
soie_N	4
soif_N	10
soignantage_N	1
soigne2_N	1
soigneusement_N	1
soigneux_Adj	1
soin_N	16
soir_N	30
Soissons_N	12
soldée_N	2
sole_N	1
soleil_N	31
solenne_Adj	1
solennel_Adj	1
solennité_N	1
solier_N	1
somme_N	17
somme3_N	1
sommeil_N	1
Sommeilleux_N	1
sommeler_Adj	1
sommet_N	1
sommier_N	3
somptueux_Adj	3
son_Adj	9
son_N	8
son3_N	5
son4_Adj	66
songe_N	9
sonnage_N	1
sonnerie_N	1
sonnette_N	1
sor_Adj	9
sorcerie_N	1
sorcière_N	1
sordois_Adj	1
sordois_N	2
sore_Adj	1
sort_N	18
sorte_N	2
sot_Adj	16
sotie_N	1
sottinois_N	1
sou_N	15
souche_N	1
souci_N	7
soucie_N	1
soudain_Adj	1
soudain_N	1
soudan_N	3
soudard_N	1
soudoyer_N	2
souef_Adj	6
souffle_N	1
souffrance_N	3
souffreteux_Adj	1
soufre_N	1
sougit_N	3
souhait_N	2
souillon_N	1
soûl_Adj	2
soulas_N	14
soulier_N	18
Soumillon_N	1
soupçon_N	2
soupçonneux_Adj	1
soupe_N	4
souper_N	3
soupir_N	5
source_N	1
sourcil_N	4
sourd_N	1
souris2_N	1
souspois_N	1
soute_N	1
soutenance_N	2
soutif_Adj	2
soutiveté_N	1
souvenance_N	5
souvenir_N	1
souvent_Adj	3
souverain_Adj	19
souverain_N	1
souvin_Adj	2
souvin_N	1
sphérique_Adj	1
spiritus_N	2
stabilité_N	1
stature_N	6
stérilité_N	1
STOP_N	1
Strigonie=Esztergom_N	1
su_N	1
suatime_Adj	1
suavet_Adj	1
subside_N	1
substance_N	5
substancieux_Adj	1
subtil_Adj	17
subtilité_N	2
successeur_N	1
succession_N	1
sud_N	1
sue_N	1
Suède_N	3
sueur_N	6
suffire_Adj	1
suffisance_N	2
suffrage_N	1
suite_N	1
sujet_N	9
sujétion_N	1
sulent_Adj	1
Sulie_N	1
sum_N	1
support_N	1
sûr_Adj	31
sur2_Adj	1
surcelle_N	1
sûreté_N	2
surfait_N	1
surgeon_N	2
surnom_N	2
surplus_N	7
surselle_N	1
sûrtance_N	1
sustentement_N	1
syllogisme_N	1
Syrie_N	3
tabard_N	2
table_N	26
tableau_N	1
tablier_N	2
tache_N	4
tâche_N	1
tachelé_Adj	1
tacon_N	2
Tafur_N	1
taille_N	4
Taillefer_N	2
Taillevant_N	1
taisson_N	2
talent_N	38
talmouse_N	1
talon_N	3
tambour_N	1
tambre_N	1
tance_N	1
tanceur_Adj	1
tançon_N	7
Tangret_N	1
tantinet_N	1
tapecul_N	1
Tardieu_N	1
tardif_Adj	1
targe_N	5
Tarrenne_N	1
tarte_N	1
tas_N	2
tatin_N	2
taur_N	3
taureau_N	2
taverne_N	1
tavernier_N	1
teigneux_Adj	1
teille_N	2
teint_N	1
tel_Adj	401
témoignage_N	2
témoin_N	6
tempesté_N	1
tempête_N	5
temple_N	5
Temple_N	1
templum_N	1
temporel_Adj	1
temprure_N	1
temps_N	156
tenant_N	1
tendre_Adj	8
ténèbres_N	3
ténébreur_N	1
ténébreux_Adj	4
ténébrosité_N	1
tentation_N	5
tente_N	4
terme_N	22
Termes_N	1
termine_N	2
terne3_N	1
terre_Adj	1
terre_N	306
terrer_N	1
terrestre_Adj	7
terrible_Adj	3
terrien_Adj	6
terrienne_Adj	1
terrin_Adj	1
territoire_N	1
tertre_N	1
Tervagant_N	6
test_N	1
testament_N	5
testimonie_N	1
tête_N	40
têtière_N	1
tétin_N	1
tette_N	1
têtu_Adj	1
texte_N	1
Thamar_N	1
Thessalie_N	1
Thétys_Adj	1
Thibaut_N	3
Thibert_N	1
Thierry_N	1
Tholomé_N	1
Thomas_N	6
Tibériade_N	1
Tibert_N	3
Tibre_N	2
Tiécelin_N	1
tien_Adj	6
tierce_Adj	3
tiers_Adj	19
tigel_N	2
timbois_N	1
timbre_N	1
Timer_N	4
tiois_Adj	1
tiois_N	2
tirant_N	1
tire_N	6
tison_N	1
tissu_N	1
Tite_N	1
titre_N	4
Titus_N	1
toenart_N	5
toile_N	1
toise_N	1
toison_N	3
toit_N	1
toitel_N	1
tombe_N	1
ton_Adj	4
ton_N	2
ton2_Adj	13
ton2_N	1
tonne_N	1
tonneau_N	3
tonnelet_N	1
tonnerre_N	1
tonsure_N	2
toque_N	1
torchon_N	2
Tori_N	1
tort_Adj	1
tort_N	43
Toscane_N	2
total_Adj	1
touaille_N	3
toudis_N	1
tour_N	37
tour3_N	7
Touraine_N	1
tourbe_N	7
tourbillon_N	1
tourment_N	19
tourmente_N	1
tourmenteur_N	2
tournement_N	1
tournis_Adj	1
tournoi_N	9
tournoiement_N	3
tournois_Adj	2
tournois_N	1
tourte_N	1
tourteau_N	1
toux_N	2
trace_N	5
tragédie_N	1
trahison_N	20
train_N	1
trait_N	7
traiteur_N	2
traitif_Adj	1
traitiz_Adj	1
traître_Adj	5
traître_N	27
Tran_N	1
transitoire_Adj	1
travail_N	15
travers_N	4
Travers_N	39
tref_N	16
treille_N	2
tremble_N	1
tremeleur_N	2
trépas_N	3
trépassement_N	1
très.beau_Adj	1
très.bon_Adj	4
très.cher_Adj	1
très.doux_Adj	6
très.fou_Adj	1
très.gracieux_Adj	3
très.long_Adj	1
très.pesant_Adj	1
trésor_N	38
trésorière_N	1
tresse_N	1
trestour_N	1
tréteau_N	1
treü_N	2
trêve_N	4
Trêves_N	1
tricherie_N	5
tricheur_N	2
trine_Adj	1
trinité_N	4
trinus_Adj	1
tripaille_N	1
Tristan_N	2
triste_Adj	25
tristesse_N	13
tristeur_N	6
Triton_N	1
trogne_N	1
Troie_N	1
Troïlos_N	1
trompation_N	1
trompe_N	1
tromperie_N	2
trompette_N	1
trompeur_Adj	1
tronçon_N	2
trône_N	2
tropé_N	2
trot_N	1
trotton_N	1
trou_N	3
trouble2_Adj	2
troupe_N	1
trous_N	1
Trouscaille_N	1
trousse_N	1
troyen_Adj	1
Troyes_N	2
truage_N	2
truand_Adj	14
truande_N	1
truanderie_N	1
truandise_N	1
trudaine_N	1
truffe_N	2
truie_N	2
Tubes_N	1
tueur_N	1
tuile_N	1
Tulette_N	1
Tulle_N	1
Tulles_N	1
turc_N	5
Turelututu_N	4
Turgis_N	2
turlupin_N	1
turlupine_N	1
tuyau_N	1
tyran_N	4
Ubba_N	1
ues_N	7
Ulysse_N	1
unicorne_N	2
unité_N	1
univers_N	1
universel_Adj	1
université_N	1
UNKNOWN_Adj	2
UNKNOWN_N	63
urinal_N	2
urine_N	3
us_N	2
usage_N	33
usurier_Adj	1
utilité_N	1
vache_N	8
vacher_N	1
vacherie_N	1
vaillance_N	9
vaillant_Adj	4
vaillantise_N	1
vain_Adj	14
vainqueur_N	1
vair_Adj	7
vair_N	2
vaisseau_N	5
vaisselle_N	1
vaissellement_N	1
val_N	11
Valage_N	1
Valecte_N	1
Valérien_N	1
Valery_N	1
Valéry_N	1
valet_N	11
valeton_N	1
valeur_N	23
vallée_N	2
Valmière_N	1
value_N	2
vandale_N	1
vanité_N	7
vantance_N	1
vanterie_N	1
vassal_Adj	1
vassal_N	22
vasselage_N	6
Vauchelles_N	1
vautour_N	1
Vauvert_N	1
Vaux_N	3
vavasseur_N	3
vé_N	1
veau_N	2
Végèce_N	2
veille_N	2
veilleur_N	1
veine_N	2
veisdus_Adj	1
velu_Adj	1
venaison_N	5
vendeur_N	2
vendredi_N	3
vénerie_N	1
veneur_N	2
vengeance_N	6
vengement_N	2
venimeux_Adj	2
venin_N	3
vent_N	29
ventaille_N	1
vente_N	4
ventre_N	12
venue_N	2
vêpre_N	9
vêprée_N	5
ver3_N	1
Verdelais_N	1
verdeur_N	1
verdu_N	1
verdure_N	2
vergé_Adj	2
verge_N	2
verger_N	10
vergogne_N	3
véritable_Adj	3
verité_N	3
vérité_N	45
vermeil_Adj	18
Vermendois_N	6
Vérone_N	1
verrière_N	1
vers_N	6
vert_Adj	20
verté_N	1
vertu_N	71
vertuable_Adj	2
vertueux_Adj	5
verus_Adj	1
Vespasien_N	1
vesse_N	1
vestit_N	2
vêtement_N	5
vêture_N	3
veuglaire_N	1
veuil_N	12
veuillance_N	1
veulie_N	1
veuve_Adj	1
veuve_N	6
viaire_N	11
viande_N	13
vicaire_N	2
vice_N	10
victoire_N	5
victorien_Adj	1
victorieux_Adj	3
vide_Adj	6
vie_N	160
vieillard_Adj	1
vieillard_N	1
vieillesse_N	9
vielle_N	3
vielleur_N	2
viennois_Adj	1
vierge_Adj	1
vierge_N	23
vieux_Adj	41
vif_Adj	42
vif_N	3
vigne_N	4
vigoureux_Adj	1
vigueur_N	8
vil_Adj	12
vilain_Adj	34
vilain_N	3
vilenaille_N	1
vilenie_N	11
viletance_N	1
vileté_N	5
village_N	5
ville_N	46
Villon_N	9
vilotière_N	1
Vimeu_N	1
vin_N	39
viole_N	1
virago_N	1
vire_N	2
virginal_Adj	1
virgine_N	2
virginette_N	1
virtuauté_N	1
vis_N	48
vis2_N	1
visage_N	8
visible_Adj	2
vision_N	2
visnage_N	1
vit_N	2
vitaile_N	1
vitaille_N	3
vite_Adj	1
vivant_N	2
vivier_N	1
vivre_N	4
voie_N	59
voiere_N	2
voil_N	2
voile_N	1
voir_Adj	14
voir_N	25
voir2_Adj	35
voir2_N	46
voire2_N	1
voisdie_N	3
voiseux_Adj	2
voisin_N	23
voisine_N	5
voix_N	21
vol_N	2
volage_Adj	2
volaille_N	1
volatile_N	1
volenté_N	1
volentif_Adj	1
voleur_N	1
volonté_N	59
vomite_N	1
votre_Adj	37
vouge_N	1
vougier_N	1
vouloir_N	39
voult_N	2
voûti_Adj	3
Vouvantes_N	1
voyable_Adj	1
voyage_N	3
voyée_N	1
vrai_Adj	90
Vredeau_N	2
vue_N	6
Wagon_N	1
Walaincourt_N	1
Walet_N	5
Wallingford_N	1
Wanemer_N	1
Waranche_N	1
warat_N	1
Warwick_N	3
Wedon_N	1
Welf_N	2
wihot_Adj	1
Winchester_N	1
Worcester_N	1
Wyche_N	2
Yaumont_N	1
Ysengrin_N	16
Yvain_N	2
Yzorez_N	1
Zacharie_N	1
Zimri_N	1
zodiaque_N	1
